MaxReturn,LossAfter,Time,MeanKL,MinReturn,AveragePolicyStd,Entropy,Perplexity,AverageReturn,TotalExecTime,MaxKL,ExplainedVariance,NumTrajs,ItrTime,StdReturn,LossBefore
-4.745584809823582,-0.40257937,1.0462918281555176,9.929529,-12.671292717514751,0.39017677,0.9554625,2.5998728,-11.315141808142501,0.742067813873291,10.0069475,0.9195975715114937,44,1.0462934970855713,1.3259591476893207,-0.0024728205
-0.0032406207112043034,-0.10722233,1.9466979503631592,1.1602807,-8.565718837196867,0.39008355,0.9549679,2.5985873,-4.266459165510762,0.7419121265411377,1.1998014,0.3905554329937504,81,0.8988714218139648,3.3590976691983956,-0.016252177
-0.0032395962979398923,-0.055008527,2.6272215843200684,0.012120231,-5.188303601505042,0.3897788,0.9533427,2.5943673,-1.1829142003459374,0.6423137187957764,0.013227463,0.020518498195527868,164,0.6789591312408447,1.1766884239970954,-0.053659745
-0.003262732202081284,-0.14141779,3.31498384475708,0.52802324,-5.3649662907146585,0.38873407,0.947977,2.5804842,-0.9727866817520878,0.6442735195159912,0.53932357,0.019909823304713803,198,0.6855571269989014,1.1252399459690396,-0.09757195
-0.003266207123917387,-0.17770088,4.024230480194092,1.8129569,-6.457951793773314,0.3868342,0.9382196,2.5554278,-1.8146462663257243,0.6544559001922607,1.8534458,0.07446667919093386,133,0.7066004276275635,1.8433641235911729,-0.032533027
