Perplexity,ItrTime,Entropy,AveragePolicyStd,NumTrajs,MinReturn,Time,LossAfter,TotalExecTime,AverageReturn,StdReturn,ExplainedVariance,MaxReturn,MaxKL,MeanKL,LossBefore
3.8731225,1.7582738399505615,1.354061,0.47636598,43,-56.58998409087188,1.7582693099975586,-0.22216116,1.2859468460083008,-55.89138463018792,0.40397692478422964,0.9994162889065693,-54.95105527049876,0.9824059,0.80052245,-0.0019326428
3.8716254,1.4284741878509521,1.3536744,0.4762752,43,-50.64772958593531,3.1894447803497314,-0.09680594,1.1930091381072998,-49.244104582188854,0.5897370627138446,0.998519062998004,-47.97715600451194,0.23471111,0.1948391,0.009913671
3.8754654,1.303879976272583,1.3546658,0.47650278,43,-46.96304620170252,4.496513366699219,-0.11102497,1.196983814239502,-46.0420540186853,0.4921584729179277,0.9989092642657874,-44.91516689673721,0.23415112,0.19274262,-0.00065045024
3.8752136,1.2819533348083496,1.3546008,0.47649097,43,-43.901713759670855,5.78153133392334,-0.12529066,1.2305667400360107,-42.59022598837298,0.6031172406766692,0.9982030227815855,-41.57945234531966,0.23246616,0.20112115,-0.009237652
3.871635,1.3503201007843018,1.3536769,0.4762745,43,-40.162548826276826,7.136662721633911,-0.083572246,1.2805051803588867,-38.91254640546092,0.6545625504428164,0.9975897783482104,-37.0477859264172,0.2211749,0.1990342,0.029612018
