NumTrajs,MeanKL,Time,Perplexity,LossBefore,AverageReturn,ItrTime,TotalExecTime,MaxReturn,StdReturn,ExplainedVariance,AveragePolicyStd,Entropy,LossAfter,MaxKL,MinReturn
43,1.2237107,1.8747918605804443,3.8731225,0.012046612,-24.356241051617886,1.8748068809509277,1.3253605365753174,-23.3957082184331,0.47772127956609306,0.9969263515273915,0.47636598,1.354061,-0.27434146,1.4257007,-25.722569038195058
43,0.28015214,2.8370256423950195,3.8824654,-0.01894594,-17.11637230363835,0.958686351776123,0.8159024715423584,-16.53076775616401,0.43405187613630297,0.9946658483006031,0.47694087,1.3564703,-0.15214361,0.32142326,-18.110263550968607
44,0.07488415,3.6878490447998047,3.8751166,0.00039806383,-13.734832021157018,0.8493485450744629,0.7690701484680176,-9.672280860407634,0.8828593255829,0.9625810086400376,0.47649524,1.3545758,-0.035392545,0.085546255,-14.903983611444708
47,0.04198188,4.497747182846069,3.8752704,0.011067547,-11.110515609054769,0.8047025203704834,0.7608978748321533,-2.8524460420509548,2.5802223265725446,0.773999362261639,0.4765126,1.3546154,-0.009118266,0.049316764,-13.437196888693101
50,0.043908536,5.410887956619263,3.8795626,0.009565162,-9.52694903106601,0.9079887866973877,0.8714859485626221,-0.26470257048233375,3.1488614687807646,0.7652803025370768,0.4767827,1.3557224,-0.011680899,0.0496518,-11.627578927659865
