ExplainedVariance,Entropy,LossBefore,MeanKL,NumTrajs,Perplexity,MaxKL,AverageReturn,MinReturn,StdReturn,ItrTime,Time,TotalExecTime,LossAfter,AveragePolicyStd,MaxReturn
0.9978119376642822,0.57233626,0.017514871,55.586735,43,1.772403,56.827858,-22.05293937875017,-23.155049909011563,0.3604148665944366,1.779212236404419,1.7792038917541504,1.1625967025756836,-1.9798422,0.32229263,-21.422893494260556
0.9961221759002293,0.5758393,-0.011064418,12.441739,43,1.7786226,12.786202,-14.856885739028383,-15.391780462511763,0.29750900897527893,1.6149554252624512,3.3995535373687744,1.3924665451049805,-0.8551276,0.3228552,-14.229321254549161
0.020753535303947523,0.5747328,-0.06746663,1.8108906,159,1.7766557,1.8500391,-1.3667665472717605,-5.357147447534856,1.2038054566698693,1.2664215564727783,4.668441534042358,1.1806371212005615,-0.20231669,0.32267326,-0.15095869335831985
0.0507717829091584,0.5679861,-0.03195835,2.6355019,125,1.7647095,2.737496,-1.8017617662144054,-5.981265327402204,1.5486437319197317,1.55255126953125,6.224570035934448,1.4552052021026611,-0.23366067,0.3215769,-0.14811933998886664
0.22371478143825907,0.5647903,-0.019896006,1.3804917,80,1.7590789,1.4148152,-3.2981994174216815,-6.666816924254056,2.169205513218139,1.5152158737182617,7.746831178665161,1.4207050800323486,-0.12327974,0.32106084,-0.15818731886892107
