Time,MinReturn,AverageReturn,ExplainedVariance,TotalExecTime,NumTrajs,ItrTime,MaxReturn,LossAfter,Entropy,Perplexity,StdReturn,LossBefore,AveragePolicyStd,MeanKL,MaxKL
1.2061946392059326,-36.63150411179095,-36.037946133152666,0.9990513191625764,0.7990171909332275,43,1.2061889171600342,-35.20887218153433,-1.3795127,1.171892,3.2280946,0.33043902283046717,-0.010402929,0.4348612,30.893982,31.58503
2.206829309463501,-6.230911725074874,-2.0485034553325923,0.05026660512294123,0.8492052555084229,126,0.999025821685791,-0.3977874304872258,-0.06530531,1.1698116,3.2213857,1.3945795803521117,-0.05690629,0.4344049,0.10168933,0.107212186
3.05478835105896,-5.8046337719030525,-1.7518690474393481,0.03646493834095976,0.7483270168304443,142,0.8463528156280518,-0.3607105913236839,-0.048281368,1.1641209,3.203106,1.2662854971779682,-0.037508965,0.43316567,0.121509284,0.13156366
4.100442886352539,-6.123060503253894,-1.8878916271003305,0.04058001859220073,0.9823341369628906,133,1.0439937114715576,-0.35802854508473364,-0.06732904,1.16037,3.1911137,1.4618553810485877,-0.047969967,0.43236285,0.2479447,0.26565558
5.046175241470337,-6.4017451212338194,-2.065131030891131,0.04414316353399461,0.8915410041809082,130,0.9400646686553955,-0.3643581202936513,-0.110431865,1.155573,3.1758428,1.442422022288484,-0.055880193,0.43132228,0.68551314,0.72893053
