Entropy,NumTrajs,AverageReturn,LossAfter,StdReturn,MinReturn,MaxKL,Perplexity,MeanKL,MaxReturn,ExplainedVariance,TotalExecTime,ItrTime,AveragePolicyStd,Time,LossBefore
1.354061,43,-49.10656115213758,-0.27627572,0.4886640411817032,-50.57073174362974,1.475342,3.8731225,1.2591705,-48.142563326713294,0.9992371004397675,1.2594165802001953,1.7189216613769531,0.47636598,1.718916893005371,0.016031729
1.3572675,43,-41.70269208664689,-0.12322802,0.37315720252893975,-42.61448501721065,0.3230098,3.8855615,0.2848023,-40.853667199472476,0.99922018704871,1.0739948749542236,1.2900466918945312,0.4771247,3.011402130126953,0.009877949
1.3582554,43,-38.35285601190184,-0.15710524,0.5511836095463514,-39.49982948244507,0.35221303,3.889402,0.30947605,-36.96100026045358,0.9984402804690312,0.9505279064178467,1.0204076766967773,0.47736222,4.033517122268677,-0.009858301
1.3572693,43,-34.6037683664788,-0.13860461,0.4645355678003324,-35.43002132356811,0.30732793,3.8855684,0.27189353,-33.566408928630686,0.9982692793700343,0.8688483238220215,0.9285311698913574,0.47712454,4.9694037437438965,-0.0077775256
1.3564913,43,-31.087220722760332,-0.1569464,0.5274826485365258,-32.065107745160965,0.31044465,3.882547,0.2767986,-29.804969715953902,0.9976424617185325,0.9568507671356201,1.0049479007720947,0.4769269,5.977171421051025,-0.019935865
