Perplexity,Entropy,NumTrajs,MinReturn,ItrTime,MaxKL,AveragePolicyStd,MaxReturn,AverageReturn,Time,MeanKL,StdReturn,LossAfter,ExplainedVariance,LossBefore,TotalExecTime
3.8731225,1.354061,43,-49.779889222737665,1.4558193683624268,0.9359186,0.47636598,-47.9679435856333,-48.93370981119099,1.455817699432373,0.7465454,0.44531549367912426,-0.23123693,0.9991187391930635,-0.018442536,1.0847268104553223
3.8588624,1.3503724,43,-43.69651777179766,1.2809643745422363,0.2320838,0.4754994,-41.02086225846317,-42.26036126531116,2.7385494709014893,0.18852162,0.581909001519895,-0.07947124,0.998038904029512,0.025972929,1.0617868900299072
3.8688986,1.3529699,43,-39.988679601475006,1.4797766208648682,0.22939229,0.47610924,-38.17285162997346,-39.08218532297774,4.221708059310913,0.18268044,0.45640863245317176,-0.12182294,0.9984925902861332,-0.0150491595,1.4354026317596436
3.8630812,1.3514651,42,-36.72129414813854,1.4825665950775146,0.22443074,0.47574764,-33.944457806313615,-35.64726066379047,5.706835985183716,0.18926626,0.635613345567781,-0.09484407,0.9971092512762091,0.017718466,1.426018238067627
3.8699315,1.3532368,43,-33.53435194198174,1.4024455547332764,0.2197938,0.47616905,-30.106426618604264,-31.86815391567826,7.1142473220825195,0.19496274,0.7429452557083437,-0.11293312,0.9961664781027569,0.006239766,1.3348183631896973
