Perplexity,MaxKL,AveragePolicyStd,LossAfter,Entropy,MinReturn,ExplainedVariance,NumTrajs,StdReturn,Time,MaxReturn,LossBefore,TotalExecTime,AverageReturn,ItrTime,MeanKL
2.096413,48.29299,0.3504143,-1.7506697,0.7402277,-48.12457474940911,0.9994933693159386,43,0.347834395100028,1.2747747898101807,-46.71838704720356,-0.018664023,0.8580856323242188,-47.318837054487425,1.2747793197631836,47.198303
2.088602,13.630465,0.34976745,-0.8347623,0.73649496,-13.944123353334435,0.992525534485412,43,0.32374111546723244,2.5640408992767334,-12.404131499172971,0.003234063,1.0606701374053955,-13.16577196172826,1.2862858772277832,12.727344
2.0892777,1.5272841,0.34981942,-0.07845354,0.7368184,-9.025858669526421,0.40923261824792656,60,2.6817310577875078,3.4956581592559814,-1.2486038573763982,0.009003708,0.8768665790557861,-5.954148647532623,0.9288196563720703,1.443293
2.0911596,1.4430648,0.34996653,-0.15769616,0.7377187,-5.266719417149511,0.03794651308736807,163,1.0663146016516774,4.430413246154785,-0.5793124994633941,-0.06865823,0.8716616630554199,-1.6199892671621499,0.9316787719726562,1.3232087
2.0768516,1.5919621,0.3487648,-0.106876805,0.7308531,-6.7419872102558625,0.12391907448733785,97,1.819922147931002,5.463106632232666,-0.5895390156526584,-0.009886516,0.9863224029541016,-2.9363687958845097,1.0300652980804443,1.469402
