StdReturn,LossAfter,LossBefore,Time,MaxKL,MeanKL,TotalExecTime,AveragePolicyStd,Entropy,ItrTime,AverageReturn,MinReturn,ExplainedVariance,MaxReturn,Perplexity,NumTrajs
0.42585505001779544,-0.3319558,0.015133529,1.1324496269226074,1.9219317,1.799689,0.852158784866333,0.50105613,1.4519385,1.1324501037597656,-22.127800150090938,-23.349903626289127,0.9969205341494561,-21.283116506837437,4.2713866,43
1.3908315342013513,-0.035893686,0.0008380086,1.9789373874664307,0.10159701,0.09187782,0.6762614250183105,0.50178266,1.4549651,0.8448972702026367,-14.126296343430882,-15.171584815276184,0.9537411204411377,-5.316284862523142,4.284334,44
1.5863266818883253,-0.043845706,-0.01270366,2.6739227771759033,0.086286545,0.07805738,0.6448628902435303,0.50186163,1.4550487,0.6933097839355469,-12.363121111545853,-13.461053862536412,0.9308604089699493,-2.899183779618498,4.284692,45
3.0647132188422925,-0.019464344,-0.009680327,3.2963905334472656,0.026886582,0.024232311,0.5755965709686279,0.5015393,1.4537785,0.61956787109375,-9.71942139937618,-12.448795636091209,0.7399581072546516,-0.24272106945540053,4.279253,50
3.059559726538805,-0.0007703543,0.025920236,4.013286113739014,0.07369739,0.065312505,0.6645364761352539,0.5013467,1.4528104,0.7141876220703125,-8.67629714426008,-11.416435922651297,0.6550442643957468,-0.21749819901214065,4.2751126,52
