AverageReturn,Time,ExplainedVariance,AveragePolicyStd,Entropy,NumTrajs,LossAfter,MinReturn,MaxReturn,MaxKL,ItrTime,TotalExecTime,LossBefore,StdReturn,MeanKL,Perplexity
-52.4897310227628,1.6913714408874512,0.9990514061115519,0.5113537,1.4935642,43,-0.21299481,-53.27001506120471,-51.160251481028226,0.88537776,1.6913764476776123,1.1682143211364746,-0.005548145,0.5026217739930853,0.7704929,4.4529386
-45.70935886292808,3.212446451187134,0.998563027958009,0.5110893,1.4924544,42,-0.10093569,-47.05431086661943,-44.59274903548069,0.25830638,1.5160150527954102,1.2804145812988281,0.017457727,0.5356812006645458,0.23272513,4.4479995
-42.16437686060111,4.418879508972168,0.9987204485170211,0.5115296,1.4942001,43,-0.13940893,-43.07085536376763,-41.258289457666756,0.25548396,1.2011513710021973,1.1270861625671387,-0.021191223,0.46643267292921636,0.22717571,4.455771
-38.707595770106835,5.88862156867981,0.9980932650698093,0.51098037,1.4920812,43,-0.13897395,-39.84113928679525,-37.08362660437409,0.29221714,1.4612996578216553,1.3838934898376465,-0.009345142,0.5713105922269112,0.25658885,4.4463396
-34.982822560321914,7.43879246711731,0.9980783442995431,0.51074564,1.4911464,43,-0.10700191,-36.120874518229655,-33.80535655721722,0.28793365,1.5467932224273682,1.4788687229156494,0.01796776,0.5365577445621399,0.253105,4.4421854
