NumTrajs,StdForwardProgress,Perplexity,AverageForwardProgress,Entropy,MaxReturn,MinForwardProgress,Time,MaxKL,AveragePolicyStd,StdReturn,MaxForwardProgress,MinReturn,LossAfter,TotalExecTime,ItrTime,AverageReturn,ExplainedVariance,MeanKL,LossBefore
23,0.5050228905215914,47315.227,0.14192887490890618,10.764587,-173.63803245656948,-0.7473400635947757,2.343670606613159,0.28853872,0.9299692,25.295100146971333,1.073271210406152,-263.60697572605983,-0.052331332,2.0263190269470215,2.343674898147583,-220.00204646633617,0.9046193318961602,0.04932242,-0.008840544
23,0.5533873608938441,47231.55,0.5103916380321653,10.762817,-128.5503905914947,-0.37094501967138266,4.561253547668457,0.4723486,0.9297598,27.755460590077128,1.9553938738266516,-245.85519688080558,-0.09102969,2.027012586593628,2.214148759841919,-201.86465495533136,0.8306588892430775,0.035410926,-0.055442583
24,0.628234156142211,46970.3,0.7722104481126769,10.757271,-87.5436770046713,-0.24015532876748727,6.7745277881622314,0.100052014,0.92909324,36.81585119916781,2.585358224985676,-242.22612344267765,-0.055020675,2.1017026901245117,2.211494207382202,-185.4553201733404,0.7755428522702081,0.007836633,-0.0325637
23,0.710524633051882,46817.71,0.925228182289138,10.754017,-98.42202038596095,-0.21408596662898308,9.013800382614136,0.2875663,0.928712,34.38556316320299,2.7726419758735545,-236.7656507998977,-0.045245256,2.0601694583892822,2.2357373237609863,-181.18108262421993,0.7640149530236513,0.017226797,-0.02049327
