NumTrajs,MeanKL,MinReturn,ExplainedVariance,Perplexity,StdReturn,AverageForwardProgress,Entropy,TotalExecTime,LossBefore,MinForwardProgress,MaxReturn,AverageReturn,ItrTime,AveragePolicyStd,MaxKL,MaxForwardProgress,StdForwardProgress,Time,LossAfter
29,0.093808725,-297.30566785344155,0.5127431426112719,85093.69,75.14799775803083,0.05337384210025654,11.351508,2.0859792232513428,-0.04749276,-2.243382974754095,-41.210401106272336,-175.690393461867,2.4559741020202637,1.0,0.93206257,1.6653507940419012,0.8853838148354288,2.455970287322998,-0.11494856
33,0.07798063,-394.6018682783506,0.4716481307011424,83492.41,89.52084918528762,0.16975771767317854,11.332511,2.093337059020996,0.030049503,-3.2936140627434205,7.790377458298472,-153.4068080853049,2.32829213142395,0.99762976,0.87286043,2.6863746038577054,1.2979431227940246,4.786486625671387,-0.019144598
33,0.057278004,-341.84029666257203,0.4228697605852406,83995.63,85.11343759654562,0.3462494476447378,11.33852,2.1615042686462402,0.005128786,-2.271336131860865,-27.195184789392687,-142.85979616426633,2.382327079772949,0.9983819,0.9013336,2.287721304913192,1.004632773706417,7.171254634857178,-0.036326
32,0.05177154,-401.3392124706255,0.43381028407036204,84081.79,88.18278115432445,0.003920326896301438,11.339545,1.993276596069336,0.0049508153,-3.4773950478748032,-38.421046060290195,-157.98656346275334,2.1836235523223877,0.99851257,0.77167517,1.7746948048175348,0.9335214932251723,9.360752582550049,-0.041158106
