Time,MaxKL,ExplainedVariance,ItrTime,MaxReturn,MinReturn,Perplexity,NumTrajs,LossBefore,MeanKL,Entropy,TotalExecTime,LossAfter,StdReturn,AveragePolicyStd,AverageReturn
1.1348176002502441,9.388762,0.95188920953648,1.1348199844360352,-5.3152248050422175,-10.801873822996301,2.096413,44,0.020472242,9.26017,0.74022776,0.7519960403442383,-0.33482605,0.7671874016945245,0.3504143,-9.628749668323742
1.9392004013061523,2.4416227,0.30717419806943125,0.8028738498687744,-0.006642458370509807,-8.440292764847579,2.1050143,69,0.009380267,2.3750572,0.74432224,0.6475081443786621,-0.17039815,2.8538352487560306,0.35111544,-4.810230091625397
2.677720308303833,0.47949594,0.012080937149571813,0.7367920875549316,-0.00046949604625325244,-4.54736112969192,2.1069896,203,-0.07185548,0.47497654,0.74526024,0.6683220863342285,-0.10734512,0.9323483239578788,0.35127985,-0.9135951626535735
3.621864080429077,0.82839507,0.012195331413060173,0.9410140514373779,-0.00597816119812498,-4.798068340613489,2.0919037,178,-0.059186473,0.81473404,0.73807454,0.8598401546478271,-0.11844976,1.0135079928184532,0.35002184,-1.050906202983086
4.761541366577148,2.303179,0.026694087075289197,1.1355748176574707,-0.008212763927904142,-4.460741101759925,2.0795593,182,-0.04267554,2.2824996,0.732156,1.067596673965454,-0.2088697,0.9795525784637795,0.34899408,-1.1055674703386467
