ExplainedVariance,MinReturn,NumTrajs,ItrTime,Time,LossAfter,Perplexity,LossBefore,MaxKL,MeanKL,Entropy,TotalExecTime,AveragePolicyStd,MaxReturn,StdReturn,AverageReturn
0.9965507191000734,-22.507875836986866,43,1.854271650314331,1.8542659282684326,-0.29196465,3.3414745,0.015041442,1.6388439,1.415358,1.2064122,1.3430871963500977,0.44232267,-20.247425681478745,0.4335849011242439,-21.159025206286458
0.9536590528734437,-14.97630545801613,44,1.3631701469421387,3.2203941345214844,-0.040581405,3.3515418,-0.0032362116,0.099819005,0.084195174,1.2094204,1.2188034057617188,0.44298917,-5.194768282553614,1.3640571204484995,-13.840702282744331
0.9423147723180817,-13.214155969352955,44,1.2627127170562744,4.486035346984863,-0.030100856,3.3504574,-0.01711682,0.03292668,0.027829994,1.2090969,1.186805009841919,0.4429133,-4.566085292254676,1.3009047774278142,-12.201759881251768
0.7233259511049501,-12.678537846700637,49,1.3821256160736084,5.871643543243408,-0.005496817,3.344727,0.021905843,0.072690904,0.060785852,1.2073851,1.326552391052246,0.44253385,-0.7718981291749494,2.701366426799712,-10.113876525975707
0.5986163213219684,-11.412987433796989,53,1.2775979042053223,7.154454231262207,-0.019675022,3.352062,-0.012296347,0.019375324,0.016493818,1.2095757,1.2417564392089844,0.4430185,-1.5083679618837662,2.9368183715236174,-8.410453709718581
