Entropy,LossAfter,ExplainedVariance,LossBefore,MinReturn,MeanKL,StdReturn,NumTrajs,MaxReturn,ItrTime,AverageReturn,Time,AveragePolicyStd,MaxKL,Perplexity,TotalExecTime
1.4935642,-0.27331758,0.9955664595649154,0.010314498,-22.47426057094541,1.205251,0.5072462788623384,43,-20.168137172899307,0.97232985496521,-21.08027147430417,0.9723279476165771,0.5113537,1.3306669,4.4529386,0.6717057228088379
1.4956272,-0.029690316,0.9073219740731364,-0.005907301,-14.801112797778096,0.051544864,2.4854774320479844,45,-1.1331379209294188,1.1635785102844238,-13.183305067205785,2.1373744010925293,0.51189893,0.056022882,4.4621344,0.9764547348022461
1.4950362,0.008719543,0.738498683841527,0.025918495,-13.453159491390865,0.034719646,2.9274986423987266,49,-1.1149582763402013,0.9912679195404053,-11.01733839661944,3.13116455078125,0.51176775,0.03777814,4.4594984,0.959693193435669
1.4976282,-0.020308737,0.7392562684448366,0.0040267985,-12.36183626687713,0.050395362,2.895261733656952,50,-0.8465837757813538,0.924091100692749,-9.79727419242782,4.057653427124023,0.5124579,0.054796338,4.471072,0.8688864707946777
1.4980307,-0.046876594,0.6185673834770858,-0.021460569,-11.161122968941482,0.053633116,2.8913247974138567,53,-0.6086805702362786,1.0309734344482422,-8.321323497944148,5.09117579460144,0.512655,0.058356762,4.472872,0.982374906539917
