ExplainedVariance,LossAfter,NumTrajs,Entropy,MaxKL,LossBefore,MinForwardProgress,Time,AveragePolicyStd,StdForwardProgress,MaxReturn,Perplexity,TotalExecTime,MinReturn,MeanKL,AverageForwardProgress,AverageReturn,ItrTime,StdReturn,MaxForwardProgress
0.37149643384301256,-0.21546419,23,8.67411,12.82743,-0.0044493037,-1.0688786031629616,3.155339479446411,0.71966887,0.7151691565913902,10.893845251572595,5849.4937,2.7704670429229736,-87.48746556942285,1.9783736,0.10570206085890729,-32.487339788387615,3.1553430557250977,28.497213343825013,1.7223672802992884
0.4904877280276779,-0.08956145,23,8.673219,1.8407732,-0.015045378,-0.5954510032609536,6.0972936153411865,0.71960056,0.321306452149474,14.039270360755324,5844.2803,2.727088689804077,-63.034703124267644,0.26039377,0.20220189475240585,-23.958786283222505,2.9399795532226562,15.687256563136057,0.9585172517911589
0.39851378257469694,-0.14872439,24,8.671714,6.470626,-0.018982882,0.06269620249265587,9.535638332366943,0.71945465,0.2942832490600494,20.295593419488977,5835.4917,3.213228702545166,-31.399727582922804,0.8078134,0.4759723611817288,-8.806966795506822,3.4355974197387695,14.483165938424204,1.1516658159124102
0.5042518834658724,-0.107857525,24,8.669816,2.3726616,0.0027474777,0.17799266423816543,13.178285837173462,0.7192453,0.5588642687284855,65.11999277798475,5824.4277,3.350579261779785,-51.30968976403355,0.5127149,1.1517287980162882,17.66469548876162,3.6395761966705322,27.137951426415718,2.036486284311637
