MeanKL,AverageReturn,TotalExecTime,Time,ExplainedVariance,LossAfter,Entropy,Perplexity,ItrTime,MinReturn,StdReturn,MaxReturn,MaxKL,AveragePolicyStd,LossBefore,NumTrajs
28.354692,-54.59788835509701,1.1702842712402344,1.8272736072540283,0.9995050819041755,-1.2747707,1.171892,3.2280946,1.827277660369873,-55.20257019268622,0.36791937553224163,-53.73651101012251,28.950832,0.4348612,0.0041226195,43
8.750431,-22.91273496842306,1.2301793098449707,3.315749406814575,0.995612895904087,-0.7204324,1.1727166,3.2307575,1.4826304912567139,-23.958015613673847,0.4629618485898302,-21.868420860081724,9.363128,0.43503436,-0.0042105457,43
0.44622627,-3.4103827159832463,0.8788852691650391,4.250067710876465,0.1445387282143895,-0.052786354,1.1722958,3.2293983,0.9311342239379883,-7.330966941331047,1.9381012314890604,-1.0175741072115885,0.4924942,0.4349491,-0.019070525,101
0.38181794,-2.5918971239718567,0.9633791446685791,5.2820494174957275,0.09499131598735577,-0.08545464,1.1703889,3.223246,1.0292177200317383,-6.8276395394611775,1.409482077557711,-1.0186012178867367,0.41044882,0.4345198,-0.055867933,126
0.36334357,-2.9759564517846133,0.6844966411590576,6.029782295227051,0.10550733003880697,-0.08580012,1.1648018,3.2052877,0.7418091297149658,-7.240310987174096,1.7377371009925986,-1.0229889546241557,0.40555948,0.43330413,-0.058694042,114
