MaxKL,MinReturn,LossAfter,MinForwardProgress,AverageForwardProgress,Perplexity,ExplainedVariance,MaxReturn,TotalExecTime,Entropy,AveragePolicyStd,Time,ItrTime,StdReturn,MeanKL,LossBefore,AverageReturn,NumTrajs,MaxForwardProgress,StdForwardProgress
8.818139,-10.861984074792385,-0.10041059,-0.6727553816701273,0.2720558686881324,13061.518,0.4581008370317394,99.89203193009567,2.497593879699707,9.477426,0.79670346,2.834125518798828,2.8341262340545654,25.47892194592682,0.8069765,0.013931378,33.42221664908977,24,2.7550993302484854,0.6733531469525275
0.6946383,-6.5891827010403174,-0.06508147,-0.613458970496048,0.13479752024738914,13097.966,0.5175359861288271,58.25860723839504,2.230853796005249,9.480212,0.79698145,5.221918344497681,2.3859076499938965,15.895136405951538,0.07510844,-0.022248747,30.030284978145357,23,0.6884477537997206,0.3194804975928804
0.5237384,0.5494525811183768,-0.08180064,-0.45818093216926503,0.21736441043180113,13068.869,0.4674150794394083,69.10226955461333,1.9603593349456787,9.477988,0.796788,7.2977399826049805,2.074052572250366,20.730703536768605,0.09172128,-0.03702902,32.934833063964575,23,1.0800681328842496,0.4518020816478478
0.5686071,3.828484837560261,-0.06648456,-0.3914229389606591,0.19717261221847743,13020.55,0.43734174261850833,70.23953417718576,1.8370378017425537,9.474284,0.7964053,9.212927341461182,1.912079095840454,18.64890440300158,0.12209961,-0.0073417863,32.39864424284101,23,1.1574351860548862,0.3899279966529353
