LossAfter,AverageForwardProgress,AverageReturn,ExplainedVariance,StdReturn,MaxReturn,NumTrajs,LossBefore,Perplexity,MeanKL,MinForwardProgress,MaxKL,MinReturn,ItrTime,StdForwardProgress,AveragePolicyStd,TotalExecTime,Time,Entropy,MaxForwardProgress
-0.6807224,0.06495844225766914,117.07789726712197,0.7531022156725724,28.62607546491088,156.41321235957028,25,0.016738858,47269.582,26.376705,-1.7050961921418215,256.2158,35.68800966726169,2.3840737342834473,0.8179668830078491,0.93301165,2.0429108142852783,2.3840723037719727,10.763622,1.7108011090674478
-0.27714992,-0.1493567517546453,149.32048960308992,0.9377143452832579,13.031044878943618,172.80456485632084,23,-0.0022026328,48878.71,2.7514527,-0.9059840843032604,22.719948,128.78037963913252,2.00897216796875,0.41951676123477066,0.93664974,1.7934856414794922,4.395408630371094,10.797097,0.9945786259949727
-0.2417799,0.6083000017976741,143.98623847790074,0.9346942203492967,14.367467548540242,162.92724085216847,23,-0.03187914,48771.336,1.6936483,0.041641491850563234,10.433672,114.7171135562575,2.1442677974700928,0.36293648485169816,0.9359113,2.057974100112915,6.541728258132935,10.794898,1.3733519311380091
-0.19570665,0.033247824018445324,179.55416483685218,0.9967085919969407,3.8272854727985615,188.16885550360982,23,-0.0047628917,47240.965,1.5010508,-0.1707071150736528,12.176103,171.2705210659608,2.4712331295013428,0.1314724000427334,0.9319635,2.3967013359069824,9.016237020492554,10.763017,0.2930914693278387
