AverageReturn,ExplainedVariance,MeanKL,LossBefore,Entropy,MinReturn,StdReturn,TotalExecTime,AveragePolicyStd,MaxReturn,ItrTime,Time,NumTrajs,Perplexity,MaxKL,LossAfter
-12.094428573169541,0.9897940763313499,1.2725422,-0.00882359,1.2064122,-13.416806714703116,0.4053914293451717,1.0814449787139893,0.44232267,-11.280005416665302,1.6109251976013184,1.6109211444854736,43,3.3414745,1.4484935,-0.28751394
-2.8581505805585463,0.15823763329631857,0.06012214,-0.0045961374,1.2046474,-7.276682500082059,2.170756053208422,1.3777520656585693,0.44193304,-0.00893239707707631,1.6746315956115723,3.289116859436035,95,3.3355827,0.0672487,-0.028927194
-1.7881932548324149,0.04766526048734676,0.023498815,-0.053387266,1.2041876,-6.319902395505064,1.719723022671951,1.2015409469604492,0.44183347,-0.0046657815077645924,1.2621300220489502,4.554677248001099,136,3.3340495,0.028615832,-0.06453183
-1.620379694941017,0.03150557398892362,0.01765438,-0.05538041,1.198849,-6.3114279737580885,1.483005067738292,1.1073319911956787,0.4406579,-0.0027702683707934938,1.1913864612579346,5.750373125076294,140,3.3162975,0.021531224,-0.063458346
-1.701379741389779,0.056823547155966714,0.0061948253,-0.07314647,1.193311,-5.659458384425103,1.4667469883714277,1.7681565284729004,0.4394415,-0.009759039447754842,1.8719897270202637,7.641636371612549,132,3.2979827,0.0070821047,-0.07644087
