NumTrajs,TotalExecTime,MinReturn,Perplexity,ExplainedVariance,Entropy,StdReturn,MaxKL,Time,AverageReturn,ItrTime,AveragePolicyStd,LossAfter,MeanKL,LossBefore,MaxReturn
43,0.7450330257415771,-49.078230822698885,4.2713866,0.9992605462393432,1.4519385,0.42302771558803826,1.4888456,1.0672156810760498,-48.14347038575518,1.0672166347503662,0.50105613,-0.2997074,1.3918749,-0.012970393,-47.14382719761412
43,0.6576952934265137,-41.95957657924197,4.26032,0.9986167302031165,1.4493443,0.4550919938948766,0.34686685,1.9639246463775635,-40.7641252364335,0.8951449394226074,0.5004381,-0.128346,0.32379335,0.00427272,-39.9736044210479
42,0.6813876628875732,-38.28726947960231,4.2621408,0.9989410644673669,1.4497715,0.38241023198416957,0.39166123,2.683405876159668,-37.37628554818504,0.7165589332580566,0.5005307,-0.15207492,0.3655523,-0.0010942332,-36.43849439648486
43,0.6448068618774414,-34.710275194137544,4.2616744,0.9980996237340479,1.4496621,0.48420695234862354,0.4215444,3.3736789226531982,-33.59943175212006,0.6861860752105713,0.5005123,-0.15870173,0.39616308,0.0054904744,-32.70157796215654
43,0.5537912845611572,-30.764157789434506,4.264014,0.9973225878486544,1.4502109,0.5700735246373221,0.43080214,3.9697954654693604,-29.53057528327139,0.5929615497589111,0.5006665,-0.15749322,0.40041426,0.009711453,-28.10895225388986
