MinReturn,MeanKL,LossBefore,TotalExecTime,ItrTime,MaxReturn,StdReturn,MaxKL,NumTrajs,AveragePolicyStd,ExplainedVariance,Perplexity,Entropy,Time,AverageReturn,LossAfter
-9.517687474836936,0.099312626,0.015859412,0.6574718952178955,0.9931261539459229,-0.011413495891958688,3.303065656779155,0.107602954,72,0.5113537,0.41183856559570986,4.452938,1.4935641,0.9931249618530273,-5.127456918668177,-0.008798824
-7.833371203807186,0.048373144,-0.036116432,0.5731675624847412,0.7145218849182129,-0.008331231017516956,2.5525813948680547,0.053622186,82,0.51219845,0.19362973378645099,4.467085,1.496736,1.709181308746338,-3.746102831708077,-0.062498514
-7.005955547580377,0.0149150165,-0.04400487,0.6421432495117188,0.7191388607025146,-0.0023146021623448947,2.1629234421426533,0.01639551,99,0.5112664,0.11191610374083794,4.4509807,1.4931245,2.430102825164795,-2.787971974650302,-0.05185573
-6.592894905634143,0.006230199,-0.022642856,0.7464950084686279,0.7920892238616943,-0.005891389533890488,1.813814422460601,0.0069748163,115,0.5101219,0.06320098111385242,4.4314365,1.4887238,3.2308266162872314,-2.2078193347018327,-0.026133005
-6.291202476057411,0.0010957156,-0.05395662,0.7550039291381836,0.8154146671295166,-0.004927114276682972,1.7794966187231238,0.0012260079,136,0.50952613,0.05415894367683294,4.4214144,1.4864596,4.0485780239105225,-1.8620427625942757,-0.055025194
