MinForwardProgress,TotalExecTime,Perplexity,Entropy,Time,MaxKL,ItrTime,StdReturn,MaxReturn,MaxForwardProgress,AveragePolicyStd,StdForwardProgress,ExplainedVariance,AverageReturn,AverageForwardProgress,NumTrajs,MinReturn,LossAfter,LossBefore,MeanKL
-0.7473400635947757,2.071880578994751,47315.227,10.764587,2.3756906986236572,0.32193026,2.3756916522979736,21.783199308200768,136.49468975453513,1.073271210406152,0.9299692,0.50050572881335,0.727589435298128,90.81261881972573,0.14595430981000482,23,53.833984405563484,-0.07628447,-0.030735712,0.034877054
-0.631390090350342,2.053795099258423,47025.164,10.758438,4.601384401321411,0.21703787,2.2230091094970703,19.22331990594858,130.915548297041,1.7204547762019238,0.929251,0.5616829461681166,0.7381392469077037,93.54163504843318,0.4078686882527675,23,59.26281977305115,-0.04376231,-0.019149436,0.018285854
-0.16839117916422663,2.589449882507324,46935.195,10.756523,7.409831523895264,0.12886176,2.8067338466644287,19.14792164577008,140.7838719180096,1.6783659433271676,0.9290175,0.5280795570737121,0.8067466458870652,102.81995640072097,0.5996104996193327,23,57.59737219838181,-0.042676073,-0.017166032,0.015933914
-1.1872823446507623,2.734227418899536,46854.695,10.7548065,10.237555980682373,0.38370514,2.8216686248779297,21.67344080090398,129.89719337520313,1.6930297458374945,0.92880946,0.6258831350370245,0.7735255160818248,99.63447106472867,0.44700385670295834,23,33.789423203519,-0.01478988,0.014219573,0.022520188
