Time,LossBefore,NumTrajs,TotalExecTime,Perplexity,AveragePolicyStd,MinReturn,StdForwardProgress,MaxReturn,MeanKL,ItrTime,ExplainedVariance,LossAfter,StdReturn,AverageReturn,MaxKL,AverageForwardProgress,Entropy,MinForwardProgress,MaxForwardProgress
2.4397058486938477,0.015449366,24,2.1305654048919678,13061.518,0.79670346,-261.65713656098325,0.691781946318527,-87.75218379144574,0.5068635,2.4397075176239014,0.8356639655660975,-0.089802235,38.356802349944836,-207.31964779326032,5.697057,0.32033500548422694,9.477426,-0.6727553816701273,2.7550993302484854
4.4319446086883545,0.053471625,23,1.7789137363433838,13101.926,0.7969696,-254.43670004914742,0.45695718285624015,-162.20404241371446,0.103803456,1.9903934001922607,0.9212197384412182,0.0037267536,23.04762246826431,-222.15162391035594,0.6695114,0.09833493151867277,9.480515,-0.5423114128151991,1.2969054216377145
6.512673377990723,0.020996837,23,2.0083322525024414,13172.186,0.79748005,-300.6784462345342,0.5516281803548281,-167.81297997346093,0.12911952,2.0780398845672607,0.9057877970146703,-0.043032333,27.531822919453322,-220.0173829056596,0.86660624,0.13933773605838326,9.485863,-1.4697302352989454,1.2032494736666517
8.59777569770813,0.0048731263,23,2.0119564533233643,13199.863,0.7977458,-246.49001493682275,0.4163564884292626,-176.582971474794,0.059570875,2.082559823989868,0.9417715057253417,-0.033823084,20.86935771753636,-215.48350532599247,0.6338991,0.23542611509236297,9.487962,-0.3692978465682939,1.015513305372674
