MaxForwardProgress,MeanKL,MaxReturn,LossBefore,MaxKL,MinForwardProgress,LossAfter,MinReturn,ItrTime,AveragePolicyStd,Entropy,TotalExecTime,StdReturn,Time,NumTrajs,AverageReturn,Perplexity,ExplainedVariance,AverageForwardProgress,StdForwardProgress
1.6653507940419012,0.1801541,136.60382263098032,-0.01776442,1.2513003,-2.243382974754095,-0.11195389,-25.50211122646734,2.306089162826538,1.0,11.351509,1.8630728721618652,38.61054982264484,2.306086778640747,29,62.368876422722224,85093.766,0.42579582542620376,0.07886862936020017,0.8835569743603187
2.0493757767919107,0.028555032,138.45308042147954,0.025734061,0.3157093,-1.6399221577956715,-0.008294792,-2.0110635502323104,2.2750744819641113,0.99912155,11.344403,2.102663040161133,32.4615076057771,4.583855867385864,38,51.05976190744168,84491.25,0.3636056454418771,0.021703814784726133,0.8286138122381229
2.4744668474750435,0.048715778,145.86588883881592,-0.021340324,0.38286433,-1.9816238311736252,-0.06637687,1.766569090739758,2.23652720451355,0.99976665,11.349549,2.139671564102173,38.0652485243756,6.822128772735596,35,58.428406663543946,84927.164,0.4068216941992915,-0.06063473493778495,0.7652382978729801
1.3957312524569339,0.041030165,143.6669798012572,0.0028184054,0.39482293,-1.654564050427264,-0.036397308,-8.36245256620831,2.253535747528076,0.999246,11.345283,2.12026309967041,36.34947264011709,9.081540822982788,35,58.91065976229429,84565.58,0.48331493916363255,0.023924233846390214,0.5909925686673527
