StdReturn,AverageReturn,MaxKL,NumTrajs,MinReturn,MaxReturn,ExplainedVariance,LossAfter,ItrTime,MeanKL,LossBefore,TotalExecTime,Perplexity,AveragePolicyStd,Entropy,Time
0.34870894011882586,-47.46821763478531,43.163155,43,-48.29567713551787,-46.80877297985886,0.999475880828974,-1.6206354,1.1462695598602295,42.496937,-0.010239812,0.8516321182250977,1.772403,0.32229263,0.57233626,1.1462681293487549
0.3442329878455009,-14.623617584248077,13.27318,43,-15.441290422619133,-13.861903602006631,0.9934970738462456,-0.8384107,1.2391843795776367,11.999598,0.0021554176,1.0642833709716797,1.7687768,0.3219483,0.57028824,2.387629270553589
1.7010815313336947,-2.4953859104928537,3.5615153,112,-6.5202506397137405,-0.5847306582852158,0.0692496091464091,-0.23295482,0.9978747367858887,3.287442,-0.024387332,0.9478573799133301,1.7691581,0.32198942,0.5705038,3.387272596359253
1.890749190614694,-2.8176113196362436,2.9808164,102,-7.361402157276648,-0.587982920231068,0.09755167296966394,-0.18528718,0.9468643665313721,2.5766256,-0.010688905,0.8595619201660156,1.764849,0.3216036,0.5680651,4.337220907211304
1.2143947935132071,-1.7935064773943046,0.9587999,155,-5.7605665396306005,-0.5803220832349129,0.04180235364774809,-0.09267836,1.381899356842041,0.8552515,-0.03647986,1.3060717582702637,1.7629632,0.32144475,0.56699604,5.721380233764648
