MinReturn,TotalExecTime,NumTrajs,LossAfter,Time,MaxKL,AverageForwardProgress,StdReturn,AveragePolicyStd,LossBefore,MinForwardProgress,Entropy,ItrTime,StdForwardProgress,MaxReturn,ExplainedVariance,AverageReturn,MaxForwardProgress,MeanKL,Perplexity
108.12284408909757,2.0842204093933105,23,-0.18050584,2.463096857070923,11.907556,0.14979667993884807,13.287195930250974,0.743062,-0.010884266,-0.7922484056943877,8.91967,2.4630978107452393,0.47924181222025086,161.01462881174265,0.9166479589807887,138.72799266889655,1.0859500827309039,1.179472,7477.622
91.25256783440392,2.007108688354492,23,-0.04226138,4.653688907623291,0.9860596,-0.5411639426608912,14.403735659544699,0.7428913,0.016012918,-1.2767098424128498,8.917495,2.1887474060058594,0.4423690933636382,153.47477494480137,0.9168488322975534,134.9840891872181,0.23352739767021075,0.17562959,7461.3735
111.44598963034377,1.8328218460083008,23,-0.11288139,6.558784246444702,1.3714589,-0.17738011068018256,13.992605492356983,0.7430595,-0.04410931,-0.6529738573899989,8.919096,1.9032783508300781,0.33563285362950107,170.32396041680505,0.941869811192859,149.5775140321824,0.6462800202309141,0.24139519,7473.33
122.94926151357112,2.058515787124634,23,-0.06989836,8.674477100372314,1.0195131,-0.5852508494335396,13.284029978558454,0.74265826,-0.016755132,-1.4632467100755908,8.914685,2.1125965118408203,0.4242636157792877,176.47173943713315,0.941220503901404,150.07450813157962,0.14161302852364618,0.1692114,7440.44
