LossBefore,StdForwardProgress,MinReturn,Time,MaxForwardProgress,AverageReturn,MaxReturn,MeanKL,StdReturn,MaxKL,ItrTime,NumTrajs,LossAfter,MinForwardProgress,ExplainedVariance,Perplexity,AveragePolicyStd,Entropy,AverageForwardProgress,TotalExecTime
-0.06081174,0.5154995599124067,107.34166737653918,2.51538348197937,1.073271210406152,136.92432462775054,156.19563915048016,0.046459578,13.868659351647597,0.619048,2.515385866165161,23,-0.110119924,-0.7473400635947757,0.9123071293722902,47315.227,0.9299692,10.764587,0.1245008329434725,2.204423666000366
0.0012817383,0.6070141556289306,99.75345125539364,4.971762180328369,1.7035439680351279,131.78282990474196,159.3809889999058,0.016598929,16.8615659264964,0.23619208,2.454486131668091,23,-0.024786139,-0.8822236127596534,0.8694135451644684,46743.117,0.9285425,10.752422,0.29761188857258836,2.281031608581543
0.056157384,0.5119179242795892,95.2110708153617,7.17944860458374,1.3700696564373496,126.58885310357446,154.72141110739406,0.008921737,14.204637647104056,0.07365593,2.2058074474334717,23,0.0357601,-0.3788760589969677,0.8796046775213326,46749.094,0.92856616,10.75255,0.42489856706245677,2.1244959831237793
0.03890073,0.6151228672245084,90.8594470545726,9.607887268066406,1.3952082046646974,123.18368415729239,154.5427173013346,0.010735085,15.291749507195368,0.16175476,2.4056594371795654,23,0.017182723,-0.806300720641062,0.8800627364134875,47012.383,0.92921704,10.758166,0.4091993368000507,2.268404245376587
