ItrTime,NumTrajs,AverageReturn,Time,LossAfter,MinReturn,MeanKL,Perplexity,MaxReturn,AveragePolicyStd,MaxKL,TotalExecTime,LossBefore,Entropy,StdReturn,ExplainedVariance
0.955418586730957,43,-46.376613882222266,0.955416202545166,-8.218804,-47.549136416015216,986.05756,1.772403,-45.74900757005955,0.32229263,1026.5575,0.6563217639923096,0.014009601,0.57233626,0.37406028757567034,0.9994736734608496
0.6947269439697266,43,-203.61617091752234,1.651702880859375,-4.862382,-206.98243397322747,404.95203,1.7974085,-201.4427034081944,0.32455143,471.25635,0.5587689876556396,-0.009148565,0.58634585,1.2810215084678198,0.9996144035197947
0.5849905014038086,43,-44.2011211033376,2.238176107406616,-2.8369586,-45.1521045399217,146.56047,1.7892057,-43.50579718179194,0.3238052,380.994,0.54659104347229,-0.011352219,0.5817718,0.3246702148638772,0.9995192904906488
0.5862629413604736,43,-29.604883318943017,2.827265501022339,-2.8177435,-30.47217697202803,149.29976,1.7790786,-28.703378016755533,0.3228686,183.54274,0.5493009090423584,0.0017741714,0.5760956,0.3305008028857541,0.9986622327204437
0.7834107875823975,43,-32.27631031366918,3.613291025161743,-2.707842,-33.02815841546661,136.08606,1.7806575,-31.62292851812205,0.3230275,208.57962,0.7441167831420898,-0.018115487,0.5769827,0.34148041263779433,0.9990545307320309
