NumTrajs,LossBefore,StdReturn,Perplexity,MaxReturn,ItrTime,TotalExecTime,Entropy,MaxKL,AverageReturn,MeanKL,MinReturn,AveragePolicyStd,ExplainedVariance,Time,LossAfter
43,-0.011541302,0.3622757861127473,1.772403,-53.950796793804884,0.9632101058959961,0.6431772708892822,0.57233626,46.781937,-54.6618736972612,45.972797,-55.52916786437166,0.32229263,0.9996015935827709,0.963207483291626,-1.7248272
43,0.0035803826,0.32773803852039024,1.7683166,-19.814078929264863,0.7889020442962646,0.6521403789520264,0.57002807,12.462767,-20.510736676801216,11.369306,-21.277585907838233,0.32191306,0.9968181637910409,1.753767967224121,-0.7779875
154,-0.044538714,1.0666061656198782,1.7689497,-0.7851343217607034,0.9107210636138916,0.8698830604553223,0.570386,2.4100738,-1.9141812067796686,2.1557019,-5.8605474513242095,0.321975,0.0732318089133801,2.665961742401123,-0.17531803
86,-0.015383822,2.568941522820325,1.7610887,-0.7843402382846831,0.6910905838012695,0.6460137367248535,0.5659322,6.1070967,-3.7424402001267505,5.837376,-7.6498551967747295,0.32124668,0.26721939662954863,3.359614849090576,-0.35410127
52,0.050722197,2.4529466455240256,1.7583816,-1.4328798406745367,0.6869955062866211,0.6484098434448242,0.5643938,3.0582895,-6.897672164702362,2.712191,-9.113011770843856,0.32098895,0.6080174416279238,4.050705194473267,-0.12495376
