Time,Perplexity,MinReturn,StdForwardProgress,AverageReturn,LossAfter,NumTrajs,ExplainedVariance,AverageForwardProgress,MeanKL,AveragePolicyStd,ItrTime,StdReturn,MaxForwardProgress,Entropy,MaxKL,LossBefore,MinForwardProgress,MaxReturn,TotalExecTime
3.8327531814575195,13061.518,-261.65713656098325,0.4753052852863808,-211.95686660320794,-0.09304581,24,0.8780926099591322,0.22935979733370082,0.615344,0.79670346,3.8327584266662598,29.27303641509487,1.1360903411574732,9.477426,5.668455,0.016753,-0.6727553816701273,-131.6615199148473,3.3514821529388428
7.759911298751831,13105.351,-295.9371145064671,0.5486534138573721,-211.54508914876698,-0.057808254,23,0.9112898646747276,0.30959827940386375,0.049615446,0.7969056,3.9208884239196777,27.34232150488409,1.4008740094729715,9.480776,0.5968897,-0.014530109,-1.3679641506123736,-157.25724429146382,3.5672693252563477
11.349392175674438,13086.342,-247.05400253333997,0.43953719393377977,-202.93138475700962,-0.03822531,23,0.8937907630165953,0.4808277240709524,0.15185867,0.79676133,3.5844616889953613,22.1538284195247,1.4871523403677096,9.479324,1.2369561,0.012805972,-0.39328135720273116,-151.98501341644547,3.4977777004241943
13.81827449798584,13103.101,-282.15265931329515,0.5879682041200093,-217.60717073286835,-0.0026972762,23,0.8743100052298202,0.1944245883039527,0.0816622,0.7968423,2.4655661582946777,29.614272097344028,1.0268475643339907,9.480604,1.5986584,0.03411037,-1.0924051326467101,-175.359557006057,2.3915200233459473
