Entropy,ItrTime,MinReturn,ExplainedVariance,AveragePolicyStd,MaxReturn,LossAfter,TotalExecTime,Perplexity,StdReturn,NumTrajs,MaxKL,MeanKL,LossBefore,AverageReturn,Time
1.354061,1.4519686698913574,-56.62558936538151,0.9993186253849443,0.47636598,-54.79769997444361,-0.23250718,1.0489954948425293,3.8731225,0.45656157246504675,43,0.9598852,0.7574717,-0.015380501,-55.700101236704114,1.451965093612671
1.3509847,1.105315923690796,-50.343711646276695,0.9985305571476527,0.47564477,-47.76492782371796,-0.08631052,0.9019227027893066,3.8612258,0.5761029953670722,43,0.22804749,0.1828105,0.01744405,-48.98709495614091,2.559051036834717
1.3527293,0.7839336395263672,-46.90026519764391,0.9987809878417196,0.47605413,-44.83978160346157,-0.10648679,0.7459981441497803,3.867968,0.49997844668855757,43,0.22186464,0.17571463,-0.0029599087,-45.77263824899239,3.3447425365448
1.3524332,0.9406473636627197,-43.89233055413976,0.9984117968180231,0.47598913,-40.74115920739452,-0.115933456,0.8626952171325684,3.866823,0.5878766943507473,43,0.2424804,0.2030758,0.00603362,-42.31594419509471,4.288282632827759
1.3530369,1.016075849533081,-39.9565896481654,0.9974195545113436,0.4761358,-37.037793136147656,-0.09610311,0.9690446853637695,3.8691578,0.6560816197510955,43,0.20040965,0.17658427,0.010916559,-38.52751289962655,5.3109962940216064
