AverageForwardProgress,AverageReturn,MeanKL,Perplexity,NumTrajs,TotalExecTime,Entropy,StdForwardProgress,MaxKL,LossAfter,MaxReturn,LossBefore,AveragePolicyStd,Time,ItrTime,MaxForwardProgress,MinReturn,MinForwardProgress,StdReturn,ExplainedVariance
0.10674225187078751,97.25648050186074,2.8150966,5849.4937,23,3.081143856048584,8.67411,0.7153352230931428,17.96174,-0.24500026,147.7248359516182,-0.007802177,0.71966887,3.632235527038574,3.632240056991577,1.7223672802992884,62.51948447871126,-1.0688786031629616,22.734280228437818,0.6485949279932979
0.44454225385378066,126.535765438959,0.17121615,5840.358,23,3.710503101348877,8.672547,0.2784443277464711,1.0748712,-0.07823181,151.18789524103084,-0.016152496,0.71952754,7.683135032653809,4.0471813678741455,1.1221248108731032,108.87326136131351,-0.12992221678442134,9.631666371820565,0.9510576976323268
0.793866641846613,135.52032155618508,0.118411325,5830.9355,23,3.4480631351470947,8.670933,0.2971806506531788,1.2094927,-0.054545235,152.4103400681215,-0.006579537,0.71938753,11.326584815979004,3.6398403644561768,1.3187697992033662,116.62339695160111,0.04428609298864275,9.649929212293342,0.9538091234280859
0.555325977117908,129.1963128743012,0.102026165,5827.1,23,3.0087010860443115,8.670275,0.3428118758501417,1.0721625,-0.08105851,154.24667319443068,-0.028534466,0.7193543,14.461249113082886,3.132902145385742,1.127888606613467,93.42238286575379,-0.4512462419847325,13.942060578996427,0.9147962916723059
