Perplexity,StdReturn,NumTrajs,ExplainedVariance,StdForwardProgress,MinReturn,Entropy,AverageForwardProgress,MinForwardProgress,TotalExecTime,AveragePolicyStd,MaxReturn,MaxKL,LossBefore,Time,MaxForwardProgress,LossAfter,ItrTime,AverageReturn,MeanKL
47315.227,20.443551588464,23,0.7889747294393168,0.5154995599124066,71.23552822913554,10.764587,0.1245008329434725,-0.7473400635947757,2.4261462688446045,0.9299692,151.68538677687283,0.38830787,-0.03298446,2.738482713699341,1.073271210406152,-0.07932601,2.738483428955078,107.10162216568244,0.043776225
47003.953,24.393822859937497,23,0.810835625012257,0.753295802019017,45.42463492732726,10.757987,0.36508727025149484,-1.3435632088068188,1.9688398838043213,0.92918783,137.51029449775274,0.5361415,0.0009261687,4.921192646026611,1.685584655647369,-0.036898006,2.180896759033203,109.35727272435943,0.037968434
47008.348,21.23953791138509,24,0.8610420903025456,0.48854066626404163,34.16352778503721,10.7580805,0.5982515159380256,-0.24029871670932462,2.2284810543060303,0.929192,138.91518553330792,0.13298894,-0.019475635,7.232384204864502,2.0206037394005762,-0.04585492,2.3093183040618896,115.48829142000749,0.018342845
46916.938,23.380337271780018,24,0.8128212258270928,0.5435113524878868,44.9856030945487,10.756134,0.7250942883161219,-0.5530396524340068,2.527021646499634,0.92895657,147.24631618134597,0.12169777,-0.00912379,9.84277081489563,2.130908148399819,-0.02642873,2.6072747707366943,119.74939983252354,0.010168581
