Time,LossAfter,MaxReturn,MinReturn,StdReturn,MeanKL,Entropy,ExplainedVariance,MaxKL,LossBefore,AveragePolicyStd,AverageReturn,Perplexity,TotalExecTime,NumTrajs,ItrTime
1.0568835735321045,-0.22281219,-36.149974926927634,-38.08120239719183,0.4694719967116744,0.8043775,1.354061,0.9984044836344866,0.9876531,-0.0011541819,0.47636598,-37.10517223571772,3.8731225,0.7543907165527344,43,1.056889295578003
1.898958683013916,-0.08829885,-29.185533599103586,-31.902457390678578,0.552506406936793,0.17799634,1.3538302,0.9964684954615103,0.21710616,0.0106694745,0.47631735,-30.565352765722515,3.8722286,0.6564710140228271,43,0.8399901390075684
2.9023499488830566,-0.13064764,-26.284485208256715,-28.297238013109386,0.5006541498555408,0.21072099,1.3548969,0.9970186377299435,0.2591151,-0.010017569,0.47655934,-27.366939010955278,3.8763614,0.9513692855834961,42,1.001711130142212
3.8158180713653564,-0.095130146,-22.50770578782728,-24.821695150924736,0.5516092733204739,0.1666031,1.3538953,0.9941130298476185,0.1940642,0.0018721381,0.4763158,-23.903595678448923,3.8724806,0.8694651126861572,43,0.9107320308685303
4.604607582092285,-0.10908825,-18.691866452068417,-21.957758152896513,0.6888393290529728,0.19460863,1.3540825,0.9911317827903277,0.21550554,0.007915896,0.47636276,-20.347035149758426,3.8732054,0.7516322135925293,43,0.7864377498626709
