Time,MaxKL,Entropy,ExplainedVariance,StdReturn,MeanKL,AverageReturn,MinReturn,AveragePolicyStd,LossBefore,NumTrajs,TotalExecTime,Perplexity,MaxReturn,ItrTime,LossAfter
0.9119529724121094,1.2344663,1.4935642,0.9933934496833066,0.507022324122574,1.1191262,-17.78527016996575,-19.208089749418477,0.5113537,-0.0024466866,43,0.6426393985748291,4.4529386,-16.830233902774935,0.9119551181793213,-0.2658354
1.6042084693908691,0.01812917,1.4930747,0.6814393413225366,2.581855599992674,0.016917728,-9.388632429697747,-11.78609253941959,0.51122445,0.021268556,50,0.5640900135040283,4.450759,-1.4124326450600102,0.6906833648681641,0.0134848235
2.4190151691436768,0.028645456,1.4952016,0.5910660191381997,3.5884502068868156,0.026349837,-7.981441075990955,-11.172655695372075,0.5117905,-0.023830526,56,0.777672529220581,4.4602356,-0.30200514657156424,0.8127710819244385,-0.036263224
3.111577033996582,0.02442187,1.4928187,0.4129908992345134,3.3094150691192215,0.022320634,-6.44310531594252,-10.441792543084247,0.51121753,0.0031816454,62,0.6555600166320801,4.4496202,-0.499369565023455,0.6902284622192383,-0.00861192
3.8282501697540283,0.031763792,1.4931366,0.26096277014688163,3.1648680083998406,0.029254647,-4.785179877537275,-9.726644429056336,0.5112561,-0.013703667,78,0.6497330665588379,4.451035,-0.09224955414041379,0.714059591293335,-0.027118452
