MaxKL,ExplainedVariance,LossBefore,Perplexity,ItrTime,MeanKL,AveragePolicyStd,StdReturn,MinReturn,TotalExecTime,Entropy,AverageReturn,MaxReturn,Time,NumTrajs,LossAfter
188.65802,0.9996476298789727,-0.008481468,1.9259833,0.9949986934661865,187.04848,0.3358152,0.31061547021435615,-54.858073053463805,0.6404988765716553,0.65543664,-54.20915951968148,-53.5458715204919,0.9949967861175537,43,-3.3572574
9.949028,0.9695560025741994,-0.025944915,1.9227191,0.8837509155273438,9.604286,0.33552852,3.0196155232344752,-16.328737226833535,0.749474287033081,0.6537404,-14.932712749773732,-1.0258995360350533,1.8805668354034424,45,-0.32004014
4.415535,0.1498881871890616,-0.06637421,1.9177371,0.7375819683074951,4.1562147,0.33509177,0.8017027434362656,-5.196592913678873,0.6828217506408691,0.65114594,-1.7703655452923064,-1.0162414028814248,2.619570255279541,187,-0.20836955
5.924544,0.8356254837138913,0.0018324838,1.9050506,0.8254842758178711,5.5929713,0.3339823,3.2467878542018243,-11.730415285013766,0.7720510959625244,0.6445086,-9.661311129306146,-1.0187777948990284,3.448245048522949,50,-0.17590281
14.06629,0.2487242908284213,0.0027582042,1.9053998,0.7238647937774658,13.6691265,0.33401245,2.439865648839898,-8.498841540463628,0.674065113067627,0.6446919,-4.572113283743805,-1.023940029455167,4.174384832382202,77,-0.40482667
