TotalExecTime,NumTrajs,AverageReturn,LossAfter,ExplainedVariance,MaxReturn,Perplexity,MinReturn,Time,LossBefore,StdReturn,AveragePolicyStd,MaxKL,MeanKL,ItrTime,Entropy
0.640610933303833,43,-48.69932193099682,-16.26447,0.9994784784919472,-48.01669738241397,1.9259833,-49.85803106325133,0.9706060886383057,0.013350279,0.3733743806731057,0.3358152,4151.454,4091.0945,0.9706082344055176,0.65543664
0.5522823333740234,43,-667.8139407737865,-2.0237987,0.9999919329416966,-667.8139407737865,1.951868,-667.8139407737865,1.675452709197998,0.020158919,0.0,0.3380696,789.51886,271.91788,0.7032463550567627,0.6687869
0.5796983242034912,43,-667.7848933609604,15.352471,0.9999923566357989,-667.6158338546879,1.9716412,-667.8139407737865,2.29823899269104,0.02002117,0.0478895987528291,0.33980066,2229.998,1101.0472,0.6203792095184326,0.67886627
0.5674698352813721,43,-541.9072114535232,-62.908314,0.9999895083322481,-541.0849001261118,1.9914774,-542.9328179980793,2.8973007202148438,0.027880339,0.33675064218356604,0.34151077,21248.55,8105.348,0.5967633724212646,0.68887675
0.6409683227539062,43,-578.9507088821329,11.243615,0.9999912789309088,-578.5656739447903,2.0194333,-579.3666878364206,3.573378324508667,0.044223923,0.22702678900412737,0.3438956,11322.25,4092.0051,0.6738944053649902,0.70281696
