StdReturn,MinReturn,ExplainedVariance,AveragePolicyStd,MaxKL,ItrTime,Perplexity,LossAfter,LossBefore,MaxReturn,NumTrajs,Time,AverageReturn,Entropy,MeanKL,TotalExecTime
0.3248769223094451,-11.667437194338351,0.9909480615808285,0.3504143,43.18059,1.686021327972412,2.096413,-1.6087179,-0.0040992755,-10.070827012408026,43,1.6860167980194092,-10.723719954945285,0.7402277,42.56274,1.172607421875
5.755990380326453,-24.04478581056068,0.9899956695568263,0.35026345,4.7967997,1.5198168754577637,2.0946946,-0.32003805,0.02164799,-0.004259307115133572,46,3.2091715335845947,-21.755657860729894,0.7394078,4.6589193,1.2360103130340576
4.96556839244533,-14.675382499490198,0.9754111203696866,0.3506616,1.8228475,1.157489538192749,2.099234,-0.16124193,-0.038253155,-0.003235023067453765,51,4.369299411773682,-11.493821874848416,0.7415726,1.7152188,1.1254944801330566
3.4187445645094674,-8.398238365933677,0.4461404518188604,0.34998214,3.7225754,1.3402009010314941,2.0912192,-0.27224392,-0.0046026134,-0.00328595004667254,78,5.711804628372192,-4.250928078504064,0.73774725,3.6167305,1.2662620544433594
1.126251136636988,-5.302772191498978,0.01492222171371893,0.34989554,0.5611249,1.812039852142334,2.0902574,-0.09303905,-0.051826768,-0.003232655336936542,176,7.529921054840088,-1.1829174125212523,0.73728716,0.5511654,1.7399752140045166
