ItrTime,LossAfter,StdReturn,NumTrajs,MaxKL,AverageReturn,MinReturn,MaxReturn,Entropy,Time,ExplainedVariance,MeanKL,TotalExecTime,LossBefore,AveragePolicyStd,Perplexity
1.0503978729248047,-0.30805624,0.35421925480088323,43,1.5076016,-35.917830396993054,-36.70039863109247,-35.15628226696284,1.4519385,1.05039644241333,0.9989606901205552,1.426022,0.7521035671234131,-0.021739546,0.50105613,4.2713866
0.7460741996765137,-0.13790421,0.4681340901135058,43,0.3985294,-28.58203981790793,-29.811706878250167,-27.561834420536325,1.4475904,1.797971248626709,0.9971667879760898,0.3738431,0.5617544651031494,0.011499003,0.5000176,4.2528543
0.5785446166992188,-0.15132949,0.40071608862900543,43,0.3690345,-24.983528364461023,-25.77869162153183,-24.18698281122307,1.4487402,2.379202127456665,0.9971393020311179,0.3446918,0.5393900871276855,-0.013392155,0.5002938,4.2577477
0.6580164432525635,-0.18196489,0.4803448238512077,43,0.46523955,-21.586465562523582,-22.620875074360946,-20.343367067913256,1.4474012,3.0446791648864746,0.9959730110418481,0.438861,0.5584390163421631,-0.0032137246,0.4999379,4.25205
0.7990496158599854,-0.15397625,0.493859525984707,43,0.39654273,-17.52074469331912,-18.504539374397353,-16.31408645815557,1.4470799,3.8456802368164062,0.9938164621340179,0.37181687,0.7431380748748779,-0.0015129232,0.49984467,4.250684
