ItrTime,ExplainedVariance,MinReturn,Entropy,MeanKL,MaxForwardProgress,LossBefore,AverageForwardProgress,NumTrajs,MinForwardProgress,StdForwardProgress,Time,LossAfter,AverageReturn,MaxReturn,MaxKL,AveragePolicyStd,Perplexity,StdReturn,TotalExecTime
2.6825037002563477,0.7320171201177433,52.30843744271929,8.91967,0.42726484,1.0008544166442688,0.022392048,0.13331786424908826,23,-0.7922484056943877,0.4366693073539519,2.6825029850006104,-0.086588345,90.77231118607433,119.66785919556477,2.736311,0.743062,7477.622,18.122967825128615,2.234131097793579
2.307297706604004,0.6923016793532317,55.64517626857549,8.9241495,0.55006564,1.0991861086710475,-0.017111227,0.04248065594426855,24,-0.7607491527941452,0.46400707129351176,4.991639614105225,-0.12006715,89.06746953311011,132.75972249631528,3.4466288,0.7434671,7511.1924,20.943785707289518,2.0974318981170654
2.4699342250823975,0.7363064843233416,21.52643309762901,8.92244,0.09471759,1.9193616323001792,-0.045999635,0.6407242115478916,24,-1.4303361969251656,0.7669498175250586,7.466351747512817,-0.09178203,106.06413532696943,151.92532696696122,0.6809578,0.74332047,7498.36,28.59305154762539,2.3858847618103027
2.1970911026000977,0.7526472236875744,21.362621370360323,8.917839,0.098908275,1.9666471426280638,0.0010716058,0.7668169224080771,24,-0.9072322050808668,0.7860855753863183,9.668100357055664,-0.045264147,107.1489664387105,158.9636420828771,0.6902136,0.7428667,7463.9424,33.41681306821924,2.1112115383148193
