TotalExecTime,AverageReturn,AverageForwardProgress,LossBefore,NumTrajs,MinReturn,AveragePolicyStd,Perplexity,MinForwardProgress,MaxForwardProgress,Entropy,ItrTime,MaxReturn,StdForwardProgress,MeanKL,MaxKL,LossAfter,Time,ExplainedVariance,StdReturn
2.4125237464904785,26.198619479392985,0.079089812708939,-0.031093538,23,-12.811823239868804,0.9299692,47315.227,-0.7473400635947757,0.9819629252822699,10.764587,2.747657060623169,72.1610778497446,0.4742058754285997,0.044536904,0.289657,-0.073143736,2.7476553916931152,0.39481637120339486,22.928424647607244
2.1785645484924316,41.14099416389969,0.43996857901643494,0.034741476,23,-20.97264775920923,0.92924273,47021.844,-0.8726078883257273,1.4651780199010687,10.758368,2.374161720275879,88.1127976080116,0.5295454563656832,0.02668639,0.43424076,0.006324463,5.124749422073364,0.43490365787729923,24.01058927846982
2.3741888999938965,55.234521231257375,0.7088814854912447,0.055730194,23,7.22212145542826,0.92965907,47185.45,-0.31597730253688633,2.1386657873400785,10.761841,2.4579975605010986,119.27965969761378,0.620168968728896,0.019552106,0.12982029,0.028685674,7.5853753089904785,0.5269146001871923,30.400797797686604
2.3960540294647217,58.32321293804356,0.8649252797108259,-0.0066546784,24,-8.09028675703561,0.9303183,47449.113,-0.2585790335667572,2.5315284169297816,10.767413,2.477844476699829,114.76062748932691,0.7201086404972709,0.030259281,0.3134304,-0.03815069,10.066789388656616,0.49415583854246714,33.60728253144967
