AverageReturn,ItrTime,LossBefore,AveragePolicyStd,MaxKL,Entropy,MaxReturn,MeanKL,LossAfter,Perplexity,StdReturn,ExplainedVariance,NumTrajs,TotalExecTime,Time,MinReturn
-34.14219114889795,1.1745185852050781,-0.011817311,0.5113537,0.9354013,1.4935642,-32.79602024626341,0.819578,-0.22814198,4.4529386,0.46960416263074767,0.9980240330865977,43,0.8492300510406494,1.1745147705078125,-34.91233928938631
-27.26343924806326,1.2725708484649658,0.005988954,0.5107687,0.26885217,1.4912007,-26.158801750674687,0.24247907,-0.11621456,4.442426,0.5387642680547542,0.9958938636418686,43,1.0575833320617676,2.4496042728424072,-28.582406636802503
-23.65892187571025,0.9102046489715576,-0.018488565,0.5109164,0.25017148,1.4917996,-22.80270836333688,0.22365096,-0.13168988,4.445088,0.46109376685940323,0.9960542704050107,43,0.8620634078979492,3.362285614013672,-24.544720072723845
-20.33258909111457,0.8893847465515137,0.007882808,0.51042914,0.29163027,1.4899507,-18.862863119444246,0.25823656,-0.11932925,4.436877,0.5469835049797014,0.9935560049624245,43,0.8528800010681152,4.2562291622161865,-21.16092517986365
-16.733208086715965,1.3104515075683594,-0.009061282,0.5106307,0.34139088,1.490739,-15.3991620043577,0.30199596,-0.15351567,4.440376,0.5624782364816956,0.9914896717815369,43,1.26167631149292,5.569970369338989,-17.980855411061498
