NumTrajs,MaxKL,Perplexity,Time,StdForwardProgress,StdReturn,AveragePolicyStd,MaxForwardProgress,LossBefore,AverageForwardProgress,MeanKL,ExplainedVariance,ItrTime,Entropy,MinForwardProgress,TotalExecTime,AverageReturn,MinReturn,MaxReturn,LossAfter
23,11.107557,5849.4937,3.529588460922241,0.7041226214124369,34.84442184864079,0.71966887,1.7223672802992884,0.009304225,0.1370783133169874,1.4169966,0.8121886786118975,3.5295913219451904,8.67411,-1.0688786031629616,3.002502202987671,-220.7222935488737,-281.6216770963159,-145.1557671946972,-0.1494511
23,3.1004632,5860.3877,6.80072283744812,0.611289682480901,30.66186675357094,0.71986556,1.6288430118556037,0.009852826,0.1915200852464448,0.61038643,0.8310941527404482,3.2690393924713135,8.675971,-0.557964336214581,3.007931709289551,-218.05149671251505,-256.8405893205879,-146.46250999328902,-0.08667958
24,5.364592,5866.153,10.57448959350586,0.5251011464211186,38.64376803462219,0.7199561,2.365219469412135,-0.039150637,0.9678707788207053,0.6578966,0.7258735877638356,3.7719244956970215,8.676954,-0.2801444352642806,3.534996747970581,-174.910950840085,-241.9189522663448,-26.457516367667846,-0.15595137
25,9.694576,5843.2437,14.007369995117188,0.5468854128325109,48.68083194424645,0.71960294,2.005250783833956,-0.0071067014,0.8678067578399781,1.0423613,0.6641332367756374,3.429785966873169,8.673041,-0.4518639620361525,3.2758970260620117,-168.33084200954545,-249.69917061093096,-45.22066756531247,-0.14137249
