AveragePolicyStd,Time,ExplainedVariance,Perplexity,AverageReturn,StdReturn,TotalExecTime,MaxReturn,LossAfter,MaxKL,Entropy,ItrTime,MinReturn,NumTrajs,MeanKL,LossBefore
0.3358152,0.9263529777526855,0.9981175643462522,1.9259833,-24.272653746603066,0.36667798449425687,0.6406943798065186,-23.613912371155973,-3.9460828,223.2332,0.65543664,0.9263548851013184,-25.406603927966135,43,222.26718,0.009327049
0.3361285,1.6581292152404785,0.9995330199949714,1.9295795,-54.189549129248824,0.3948602748617302,0.5466008186340332,-53.35170616751536,-1.8082592,57.516403,0.6573021,0.730299711227417,-54.8920613083195,43,56.482723,-0.012778895
0.33591342,2.2671689987182617,0.9965371697741973,1.9271153,-15.549152573901956,0.30717101114486994,0.5518271923065186,-14.980574509203143,-1.852777,55.381527,0.6560242,0.6074466705322266,-16.31141689686513,43,54.688663,-0.022461044
0.3355359,3.0810763835906982,0.9971335900701914,1.9227916,-16.291540124687224,0.27723859667526135,0.7704043388366699,-15.807531274359098,-1.7320158,47.817734,0.6537781,0.8113236427307129,-16.818952684240223,43,47.79398,-0.04769515
0.33473969,3.680372953414917,0.9955100462879614,1.9136426,-13.340724584751216,0.32499679523627534,0.5661618709564209,-12.745584733299138,-2.1453185,64.24693,0.6490086,0.5953240394592285,-14.223603862870151,43,63.24996,-0.022894021
