Entropy,LossAfter,MinReturn,TotalExecTime,AverageReturn,StdReturn,MeanKL,AveragePolicyStd,AverageForwardProgress,MinForwardProgress,NumTrajs,ItrTime,Perplexity,MaxKL,LossBefore,MaxForwardProgress,StdForwardProgress,ExplainedVariance,MaxReturn,Time
8.67411,-0.21754585,-99.6401838525653,3.7719314098358154,-44.459883111512795,28.93722386046176,2.0584888,0.71966887,0.09913154123555402,-1.0688786031629616,23,4.367479085922241,5849.4937,15.094313,-0.005436003,1.7223672802992884,0.714889142571792,0.4047813358641935,0.2497492819801504,4.367475271224976
8.673019,-0.09556378,-60.716339026015056,3.2468018531799316,-32.841234934986666,12.885353452754918,0.37546209,0.71957105,0.2743026993297194,-0.3122775308681176,23,3.619844913482666,5843.1157,2.2048469,-0.017810456,0.9589264005550965,0.2939303663732174,0.5175775244257441,-1.627929556509921,7.990459203720093
8.671241,-0.022700228,-66.67378426581053,3.807497501373291,-16.603498289366346,15.57060601921101,0.3942275,0.7194408,0.5478440877090871,-0.4175404940698297,25,3.991748571395874,5832.732,3.2166688,0.0699239,1.1199431399484552,0.33668893051864685,0.4832047214213139,10.63473405649678,11.986320495605469
8.678231,-0.03663654,-36.64825241638229,3.588979959487915,5.039771412305065,21.838126653795694,0.26051712,0.72005856,1.1122395743039033,0.16514500941098387,23,3.6962478160858154,5873.6484,2.3063622,0.043343876,2.0914405110284933,0.5462394941194298,0.4469792139415072,41.23637950764584,15.688061952590942
