AveragePolicyStd,MeanKL,ExplainedVariance,MaxReturn,MaxKL,Perplexity,MinReturn,AverageReturn,StdReturn,ItrTime,TotalExecTime,LossBefore,Time,Entropy,LossAfter,NumTrajs
0.44232267,1.3052344,0.9993732257396539,-50.94907261569282,1.4858948,3.3414745,-53.05252380863733,-51.80700105000742,0.4273961437247947,1.3942477703094482,1.0146808624267578,0.012970255,1.3942451477050781,1.2064122,-0.26887503,43
0.44289583,0.3276884,0.9991925951282905,-43.781894368323854,0.37179208,3.3501544,-45.53463731537799,-44.67876218965852,0.4189533829498234,1.0054664611816406,0.8526005744934082,0.01455857,2.4022557735443115,1.2090064,-0.12676854,43
0.4432204,0.31824234,0.9987414475975966,-39.768332275140494,0.36052284,3.355035,-42.16927814623441,-41.273186144303764,0.5149617933743201,0.9268410205841064,0.8930015563964844,0.003812539,3.331956624984741,1.2104622,-0.14188683,43
0.4433046,0.28188863,0.9980485365771212,-36.34435083608588,0.31476521,3.3563135,-38.604865115869465,-37.377781076529025,0.5406186538939962,0.884880542755127,0.8524549007415771,-0.0094464,4.222162246704102,1.2108432,-0.1421685,43
0.44309735,0.2844893,0.9982978615671612,-32.652831838981115,0.30766082,3.353145,-34.655891145287036,-33.70850544596329,0.4731311071001048,0.8345987796783447,0.7947800159454346,-0.0005281812,5.05900502204895,1.2098987,-0.13715556,43
