TotalExecTime,MeanKL,MaxReturn,ExplainedVariance,MinReturn,AveragePolicyStd,MaxKL,ItrTime,NumTrajs,Entropy,Perplexity,AverageReturn,StdReturn,LossBefore,LossAfter,Time
0.7422502040863037,41.07464,-19.624861517937784,0.9965716210892581,-21.703169976678236,0.39017677,41.69892,1.0397987365722656,43,0.95546263,2.599873,-20.39322625181193,0.41940637626501176,0.00978415,-1.6856266,1.0397977828979492
0.5481381416320801,10.183571,-16.72854586752585,0.9963876335438938,-18.231192822543782,0.39055803,10.570603,0.6725425720214844,43,0.9574194,2.6049654,-17.534541289226443,0.35929097862346143,-0.01980009,-0.78170353,1.7143898010253906
0.6410858631134033,0.81842476,-0.0887002441006743,0.036505241623603246,-5.549195681535915,0.390169,0.84140706,0.684769868850708,148,0.95543945,2.5998127,-1.4463198500141323,1.377836534766201,-0.028046086,-0.09438114,2.4006011486053467
0.7530622482299805,1.1417357,-0.09156051247520003,0.037779934098677304,-6.146523795139219,0.38962144,1.181494,0.7996492385864258,125,0.95263475,2.5925314,-1.8721848028082004,1.4550090382795364,-0.065430336,-0.15791835,3.202688694000244
0.6412982940673828,0.87979,-0.09030791797586521,0.04349111801181249,-5.934302315695432,0.38834733,0.90526116,0.6869709491729736,134,0.9460918,2.5756238,-1.6984126496233194,1.4097758775169946,-0.04666761,-0.11732591,3.891916275024414
