Perplexity,ExplainedVariance,StdReturn,TotalExecTime,MaxKL,Time,AveragePolicyStd,MeanKL,MinReturn,ItrTime,LossAfter,MaxReturn,AverageReturn,LossBefore,NumTrajs,Entropy
1.9259832,0.9569280562538032,1.4465188680534902,0.8604152202606201,55.7797,1.1482365131378174,0.3358152,55.412872,-12.352876810257689,1.148237943649292,-1.0382855,-1.808824443327195,-11.008356064192224,-0.0060705165,44,0.6554366
1.9236463,0.998697880353093,0.35925149277978613,0.5533063411712646,49.265892,1.8360233306884766,0.33561516,48.57316,-29.018561221000994,0.6862714290618896,-1.7845311,-27.42024130537976,-28.313579924722184,-0.036354594,43,0.6542225
1.9166658,0.6495588782430529,2.78171850979456,0.6422505378723145,5.698754,2.5166938304901123,0.33500662,5.646237,-9.164099772671198,0.6791896820068359,-0.21744968,-0.005623107898836936,-6.588101208773813,-0.0048143617,55,0.6505871
1.9157429,0.07993910185765096,1.8938775544965845,0.752293586730957,8.298488,3.333793878555298,0.33493066,8.18606,-6.610107188037981,0.8148844242095947,-0.3302898,-0.0031728137918314416,-2.3208692545512477,-0.022425734,106,0.6501055
1.9114516,0.9018436080645742,2.0067283080260534,0.6550753116607666,2.5990307,4.036485433578491,0.33455974,2.5757256,-10.938039235138323,0.700432300567627,-0.07959889,-0.008519988936163542,-9.908387400509614,0.018006446,46,0.6478629
