ItrTime,MinForwardProgress,StdForwardProgress,MaxForwardProgress,MeanKL,MaxReturn,AveragePolicyStd,AverageForwardProgress,Time,LossBefore,Perplexity,AverageReturn,LossAfter,NumTrajs,MinReturn,StdReturn,MaxKL,ExplainedVariance,Entropy,TotalExecTime
2.379904270172119,-1.7050961921418215,0.8179668830078491,1.7108011090674478,34.862064,-43.63886770803173,0.93301165,0.06495844225766918,2.3799026012420654,-0.00760141,47269.582,-206.07169242492142,-0.92605203,25,-313.44448919615223,63.96091174719185,434.4156,0.6804750727467652,10.763622,1.9583148956298828
2.235720634460449,-1.1652334199300136,0.5831556875469988,1.2662310120495819,9.745991,-37.96790464604709,0.93133116,0.25368395403153005,4.617372751235962,0.02331111,46556.445,-176.77461456520504,-0.061093215,28,-288.2737130568569,67.88423262726292,137.54396,0.6166697659718934,10.748421,2.0618369579315186
1.9353115558624268,-1.9161878627265343,0.9115481458264826,4.163916767594109,37.957687,26.691685789096592,0.9340067,0.16939593224457647,6.55501127243042,-0.018362748,47654.363,-96.8789257114284,-1.1454802,48,-305.5156774049719,77.97302649932016,478.23276,0.3882737166956075,10.771729,1.8598713874816895
1.9992716312408447,-1.614643988667109,0.8682228833159927,1.9937015819479647,10.317705,-14.926963855231744,0.93155956,0.1330701163269584,8.557485103607178,-0.009512601,46787.227,-151.21065372341636,-0.28243366,34,-309.7794378698329,84.96515787661163,129.50296,0.531167196220099,10.7533655,1.9259982109069824
