Perplexity,MinReturn,StdReturn,LossAfter,ExplainedVariance,MaxKL,ItrTime,Time,AveragePolicyStd,NumTrajs,AverageReturn,TotalExecTime,MaxReturn,Entropy,MeanKL,LossBefore
4.4529386,-46.47429638242519,0.5257163525291707,-0.25272918,0.9988936786358723,1.1789236,1.0564336776733398,1.0564327239990234,0.5113537,43,-44.921226865807185,0.7517600059509277,-43.93240011735847,1.4935642,1.0447218,0.00848165
4.4604974,-38.63732227704871,0.4420846176628563,-0.10917172,0.9987622403015515,0.25347108,0.7885286808013916,1.846519947052002,0.5117638,43,-37.480196994668454,0.66182541847229,-36.51932329976694,1.4952602,0.23108728,0.0062754788
4.463298,-35.320718989416314,0.6003944007521101,-0.14636567,0.997533827529026,0.28462207,1.0098567008972168,2.857897996902466,0.5119488,43,-34.168659681095455,0.9596693515777588,-32.74614552081049,1.4958879,0.2584466,-0.016365485
4.4559994,-31.827368990223082,0.5396287812832238,-0.1334666,0.9971992905825707,0.27888143,0.7226133346557617,3.5844151973724365,0.5115281,43,-30.475325575581664,0.6795740127563477,-29.14750320521,1.4942514,0.25307468,-0.007331511
4.452732,-27.94701828300679,0.5175389602609193,-0.13705398,0.996747744030162,0.27349764,0.7966558933258057,4.383589744567871,0.5113225,43,-26.8765860673202,0.7455370426177979,-25.604294914180496,1.4935179,0.2502851,-0.013602764
