AverageReturn,LossAfter,StdReturn,Time,ItrTime,AverageForwardProgress,StdForwardProgress,MinReturn,MaxForwardProgress,MeanKL,Entropy,NumTrajs,MaxKL,ExplainedVariance,Perplexity,MaxReturn,LossBefore,AveragePolicyStd,MinForwardProgress,TotalExecTime
127.03196109849479,-0.09321419,17.655807879134557,2.5459091663360596,2.5459136962890625,0.14192887490890616,0.5050228905215915,90.55080244612739,1.073271210406152,0.045407217,10.764587,23,0.42202878,0.8700310421395632,47315.227,165.4629851884322,-0.044559114,0.9299692,-0.7473400635947757,2.201022148132324
124.24869502378324,-0.015895253,12.95890561391283,4.887498378753662,2.339506149291992,0.2766150866226394,0.4501212145509001,101.32049200395862,0.9399656606713633,0.01313664,10.755672,23,0.16883399,0.9019797415340763,46895.285,147.06215256534676,0.009782715,0.9289178,-0.6571609118999434,2.1650168895721436
126.545327028849,-0.052328624,17.019318260190225,6.922076463699341,2.032806158065796,0.5084128566225762,0.6020180615219856,98.14187539144004,1.7499615425851525,0.015941823,10.756653,23,0.13085327,0.8546418759138259,46941.285,157.30062589399293,-0.026625473,0.9290527,-0.7070544169871887,1.9452271461486816
127.86367556397218,-0.03514049,18.55845722157547,9.160150527954102,2.2341437339782715,0.8867994546705731,0.7351308940874711,94.49910611019578,2.20495714413527,0.01580184,10.753989,23,0.1990883,0.845450203055805,46816.418,161.0618327473459,-0.0111810565,0.9287381,-0.9266087940828857,2.1620702743530273
