Entropy,LossAfter,AveragePolicyStd,NumTrajs,MinReturn,MeanKL,AverageReturn,LossBefore,Perplexity,ItrTime,TotalExecTime,MaxReturn,ExplainedVariance,MaxKL,StdReturn,Time
0.95546263,-1.5112524,0.39017677,43,-51.38729359127163,37.854813,-50.26063210186567,0.012904999,2.599873,0.9133443832397461,0.63897705078125,-49.71213749240921,0.9994814833537897,38.1144,0.37016304210445417,0.9133443832397461
0.95804346,-0.7782827,0.3906825,43,-17.601056422951434,10.579785,-16.740836787209204,-0.006166121,2.6065915,0.6834628582000732,0.547748327255249,-15.955035298324233,0.9939817211885751,11.39198,0.4067930128869027,1.5983753204345703
0.9574269,-0.1521532,0.39056593,106,-7.455200199464738,1.7983167,-2.9989497489825054,-0.027695304,2.604985,0.8008565902709961,0.7458066940307617,-0.910001586246764,0.10752485890352415,1.9337678,1.7770297120828917,2.400766611099243
0.95465744,-0.15598838,0.39002442,94,-8.23595806551409,2.0010467,-3.5673976396358196,-0.01798766,2.5977805,0.6902003288269043,0.6490364074707031,-0.9402641054923183,0.1378002855424666,2.111937,1.999950574081127,3.0926449298858643
0.9528586,-0.14747348,0.3896875,105,-7.428369767665893,1.936086,-3.046271755823187,-0.015225578,2.5931118,0.6082558631896973,0.561629056930542,-0.9127153557312448,0.10543419681355137,2.044864,1.8232275563682,3.706799030303955
