Entropy,LossBefore,ItrTime,AverageForwardProgress,LossAfter,AveragePolicyStd,TotalExecTime,MaxReturn,MinReturn,MaxForwardProgress,Perplexity,MeanKL,NumTrajs,ExplainedVariance,StdForwardProgress,StdReturn,MinForwardProgress,Time,AverageReturn,MaxKL
9.477426,-0.019583987,2.278787851333618,0.2720558686881324,-0.15020211,0.79670346,1.9573428630828857,143.85074204730796,75.04291578300503,2.7550993302484854,13061.518,1.0585886,24,0.825315372025792,0.6733531469525275,18.093896536466175,-0.6727553816701273,2.2787885665893555,110.91467214379712,12.188946
9.473511,0.029803287,2.0815305709838867,0.11977797630036077,-0.010456238,0.79630387,1.874887466430664,151.27689034176035,63.056358956574826,0.8160703867221302,13010.483,0.06668079,23,0.8452239402632772,0.44663807692468943,18.22795964384607,-1.0456459316123643,4.3627190589904785,114.3389604287649,0.5211726
9.476489,0.020051403,1.9859132766723633,0.08388034530824602,-0.01564814,0.7965629,1.9125430583953857,139.2714232423879,73.21368245987615,0.8172932512064579,13049.291,0.052268878,23,0.8651288148455932,0.36448431142270993,15.200474498718952,-0.8702869360583882,6.350765705108643,115.4720886613762,0.29803574
9.478494,0.010345146,2.1520280838012695,0.028753793097579628,-0.03411516,0.79672635,2.083815336227417,138.5927761947504,42.96565268817846,0.7507880822894127,13075.476,0.07090708,24,0.8295036739001611,0.34983283675860694,20.117109539117013,-0.5634115687689896,8.507310152053833,110.5523522436024,0.43956995
