ExplainedVariance,Time,NumTrajs,AveragePolicyStd,ItrTime,TotalExecTime,StdReturn,Entropy,Perplexity,LossBefore,AverageReturn,MaxReturn,MaxKL,MinReturn,MeanKL,LossAfter
0.9976966139912754,1.1975369453430176,43,0.3504143,1.197540283203125,0.8973879814147949,0.3829561445366219,0.7402277,2.096413,0.00942539,-22.618777620666084,-21.917103338025207,47.038532,-23.78034255887075,46.65384,-1.8119277
0.9827186938409841,2.1856212615966797,44,0.35074383,0.9864053726196289,0.8540682792663574,0.5230984946712002,0.74211264,2.1003683,-0.014152651,-12.859540246133207,-10.036587707012544,3.342319,-13.558058965805118,3.2541797,-0.25059155
0.07144857519561487,3.2393743991851807,116,0.35050315,1.0522830486297607,0.97601318359375,1.612814254909694,0.74069744,2.0973978,-0.030152427,-2.0035046813390496,-0.15788437868456176,0.87447536,-5.81242236546889,0.8520457,-0.09488753
0.01590060627558476,4.152466297149658,179,0.34998095,0.9103903770446777,0.8573555946350098,0.8975859630394266,0.73768234,2.0910835,-0.079391755,-1.1259980754013077,-0.1443352377416719,0.8106476,-5.304624802127659,0.79168344,-0.13724919
0.03974174010434517,5.197841644287109,141,0.34858814,1.0429279804229736,0.9876787662506104,1.2846828549955172,0.729743,2.0745473,-0.050256226,-1.5500718737823669,-0.15068934609832071,2.076355,-5.485230241460391,2.0287406,-0.19529885
