ExplainedVariance,MaxReturn,Perplexity,MinReturn,Entropy,LossAfter,MaxKL,LossBefore,MeanKL,ItrTime,NumTrajs,Time,AverageReturn,StdReturn,AveragePolicyStd,TotalExecTime
0.9993548141003946,-48.72004470525681,4.2713866,-50.67138778163266,1.4519385,-0.2877319,1.6885383,0.00674337,1.5711583,1.065995216369629,43,1.0659894943237305,-49.60283761883725,0.39777467906510905,0.50105613,0.743577241897583
0.9991793558481067,-41.61464180148095,4.27715,-43.262088863386936,1.4532869,-0.16033752,0.47708508,0.0087876,0.4451958,1.0687229633331299,43,2.1371207237243652,-42.366914750549306,0.392167287023522,0.5014,0.8734309673309326
0.9988575225913912,-37.51341371464063,4.280911,-39.39314159739523,1.4541658,-0.15396181,0.44613668,0.0015641075,0.41126496,0.6842410564422607,43,2.824134588241577,-38.66814226215964,0.4522711701806978,0.50159705,0.6423583030700684
0.9983889028769757,-34.098383630004065,4.28158,-36.021808500176434,1.4543221,-0.17600359,0.4903367,-0.0051810634,0.4504498,0.5849108695983887,43,3.412937641143799,-35.0451798967787,0.47164607220757465,0.501629,0.551079273223877
0.998683272031459,-30.385658701652876,4.2793627,-31.93150707904331,1.4538041,-0.14065643,0.42092156,0.0062919226,0.3847287,0.5980620384216309,43,4.013823509216309,-31.25062336523681,0.36831118154997566,0.5014774,0.5467796325683594
