LossBefore,AverageReturn,MaxKL,MaxReturn,MeanKL,AveragePolicyStd,LossAfter,Time,MinReturn,ItrTime,NumTrajs,StdReturn,TotalExecTime,ExplainedVariance,Entropy,Perplexity
0.01142658,-47.999883049377715,803.4455,-47.20755041324948,756.6723,0.39017677,-6.939851,0.9377524852752686,-49.32170633834616,0.9377527236938477,43,0.4144673222170983,0.5557479858398438,0.9993594877714262,0.95546263,2.599873
-0.009423672,-296.9824358065998,1267.2788,-292.0969960354942,993.0737,0.3924542,-6.878252,1.6480162143707275,-300.6997573053552,0.7084310054779053,43,2.0554423542669307,0.5746588706970215,0.9995832710031843,0.9668893,2.6297514
-0.018461797,-28.66597745174319,265.88196,-28.125132210646,136.89795,0.3915401,-2.3647668,2.3208136558532715,-29.54776198159874,0.6710145473480225,43,0.34428461472983085,0.6411631107330322,0.9986524107850407,0.9621773,2.617389
0.0020755858,-41.21098537243687,162.97751,-40.070982075128576,133.26021,0.38974178,-2.5272188,2.943936824798584,-42.12342464076256,0.6205470561981201,43,0.4461257864514704,0.5611679553985596,0.9989313590182961,0.95294636,2.5933394
-0.0033848092,-23.133766051409733,200.37004,-22.333191548891477,166.88583,0.38997832,-3.0029554,3.564160108566284,-23.97139171474581,0.6139850616455078,43,0.36257839025509275,0.5724451541900635,0.9979694305021956,0.95398426,2.5960324
