NumTrajs,Time,MeanKL,StdForwardProgress,Entropy,TotalExecTime,ItrTime,MaxForwardProgress,MaxReturn,StdReturn,AveragePolicyStd,MinForwardProgress,MinReturn,AverageReturn,AverageForwardProgress,MaxKL,LossAfter,Perplexity,ExplainedVariance,LossBefore
23,4.031855344772339,3.6678944,0.7041226214124368,8.67411,3.529531240463257,4.031859874725342,1.7223672802992884,156.46257055309232,16.15991073135565,0.71966887,-1.0688786031629616,94.30980223567335,129.11466508764778,0.13707831331698733,33.80559,-0.27133417,5849.4937,0.8276273612292968,-0.014131204
23,7.407669544219971,0.12098313,0.378945194754667,8.671282,3.16215443611145,3.3723132610321045,1.0729010057622617,180.02418161978486,14.393051410564665,0.7194226,-0.8084895036781863,107.22391540414426,153.7336905566253,0.3691616932545355,0.8968804,-0.08412976,5832.971,0.9441840140453321,-0.030561524
23,11.280271768569946,0.22039163,0.2414073955167395,8.668227,3.6903650760650635,3.8703949451446533,0.9808957223557905,178.56192644184208,9.492448216853484,0.7191295,-0.052478993157450304,143.903637633152,160.59952211776493,0.41030356590641437,0.9033422,-0.08474004,5815.181,0.9697844872918716,-0.012781186
23,14.926819562911987,0.2204726,0.1880596404834267,8.666948,3.5664210319519043,3.641514301300049,0.8004426306904385,178.43326465604983,7.01371845351167,0.7190231,0.037475710114139624,152.99785325510865,162.81656260402502,0.34138578133329905,1.2187302,-0.03333284,5807.749,0.979955408858806,0.025306357
