TotalExecTime,MaxKL,Perplexity,MeanKL,MaxReturn,Time,NumTrajs,ExplainedVariance,MinReturn,LossAfter,ItrTime,LossBefore,AverageReturn,Entropy,AveragePolicyStd,StdReturn
0.7723150253295898,39.51892,1.772403,38.89192,-53.036809673355044,1.1880238056182861,43,0.999606845733064,-54.45338343763843,-1.5312356,1.188028335571289,-0.008843838,-53.73384903104898,0.57233626,0.32229263,0.33035830647216263
0.8796031475067139,12.275579,1.7692711,11.0371475,-21.502592610094265,2.221303939819336,43,0.9971278115211963,-23.184808646663907,-0.7754412,1.0297644138336182,0.011595218,-22.270583861004283,0.57056767,0.3219995,0.3453706626349688
0.7432777881622314,2.3580883,1.7713238,2.1378627,-1.0175703024137426,3.00614857673645,99,0.1207104004820595,-7.321632564280848,-0.15482782,0.7831089496612549,-0.018101428,-3.331828596925611,0.57172716,0.32219306,1.8080783128471305
0.9462144374847412,3.4508796,1.76812,3.1279297,-1.0135510391212168,4.008275270462036,178,0.07371732025270894,-6.1549343581609,-0.2728302,0.999518632888794,-0.07404271,-1.9498309683158412,0.56991684,0.3219102,1.1145969625592111
0.7629866600036621,3.0419292,1.7550768,2.7604828,-1.0280820064677392,4.831106662750244,71,0.2708231318600385,-8.6418081692096,-0.18652584,0.8177018165588379,-0.010181306,-4.879171745193572,0.5625126,0.32072574,2.5126716179313284
