TotalExecTime,ItrTime,AveragePolicyStd,MinReturn,MaxReturn,Perplexity,LossBefore,StdReturn,Time,ExplainedVariance,MeanKL,MaxKL,NumTrajs,LossAfter,AverageReturn,Entropy
0.6768472194671631,0.9500772953033447,0.50105613,-56.29349787890588,-54.60182371487169,4.2713866,-0.017965645,0.40793094468039176,0.9500765800476074,0.9994663211665777,1.3838582,1.517334,43,-0.30889806,-55.35770293099796,1.4519385
0.558845043182373,0.685448408126831,0.50021666,-48.97316130158887,-46.95226516793429,4.2560654,0.013355615,0.47077289584183446,1.6370482444763184,0.999001345634834,0.35232967,0.37810826,43,-0.1314739,-47.87236284122726,1.4483451
0.5537154674530029,0.6117227077484131,0.5005258,-45.30764913217211,-43.3782910566461,4.2617536,-0.013969462,0.39378693734628806,2.2505526542663574,0.9991615765710188,0.31922996,0.34682456,43,-0.14761971,-44.233999474474196,1.4496807
0.7057147026062012,0.7435638904571533,0.50019217,-41.82848350804394,-39.55170712815923,4.2558055,0.0051859124,0.4866518535076728,2.9971601963043213,0.99880209271618,0.4095007,0.4384727,43,-0.16692649,-40.66071810434657,1.448284
0.6581869125366211,0.6953485012054443,0.50034904,-37.790786463633,-35.62701992915452,4.2580113,0.012598583,0.5507158404247432,3.6973745822906494,0.9982804069953488,0.35010913,0.37594613,43,-0.1344125,-36.590858367386446,1.4488022
