MaxReturn,Time,MaxKL,MeanKL,StdReturn,LossBefore,AverageReturn,MinReturn,Entropy,LossAfter,ExplainedVariance,Perplexity,NumTrajs,TotalExecTime,AveragePolicyStd,ItrTime
-34.77296272735533,0.9207170009613037,182.52252,181.14278,0.29784642642000575,-0.015314896,-35.404534038976436,-35.904045456251076,0.65543664,-3.2369027,0.9992180927665831,1.9259833,43,0.6473078727722168,0.3358152,0.9207196235656738
-30.588004071738574,1.6070866584777832,61.113937,59.43624,0.4020132888251704,-0.021356996,-31.578847651455575,-32.469311479326336,0.65237373,-1.8203741,0.9984686521456756,1.9200932,43,0.5487463474273682,0.3353008,0.6843891143798828
-0.3945394572649185,2.4371159076690674,0.52188176,0.4924715,1.2775443966882798,-0.0691499,-1.7859564320962509,-5.590262238386915,0.65023804,-0.08676275,0.03846588893801628,1.9159969,137,0.7667326927185059,0.33494365,0.8283815383911133
-0.42150922499393345,3.1175577640533447,7.508415,7.1931643,1.968375569390348,-0.018179879,-2.8864818184166383,-7.197172377809922,0.643323,-0.27591202,0.10816837948517777,1.9027934,95,0.6503126621246338,0.33379096,0.6776750087738037
-0.6582153120739235,3.7298526763916016,12.121747,11.652341,2.366030162083768,0.0077336826,-8.010336682741404,-9.43544886373598,0.6415051,-0.38843334,0.7744064649637721,1.8993374,49,0.5494382381439209,0.33348805,0.6103718280792236
