MaxReturn,MeanKL,Entropy,MinReturn,Perplexity,Time,LossBefore,LossAfter,ItrTime,ExplainedVariance,NumTrajs,StdReturn,MaxKL,AverageReturn,TotalExecTime,AveragePolicyStd
-54.567455270561055,1.749879,1.2064122,-55.960122748073296,3.3414745,1.2293190956115723,-0.0142006455,-0.34039044,1.2293226718902588,0.9996435124522303,43,0.30989087760403283,1.9406857,-55.186479979751525,0.8835349082946777,0.44232267
-46.9008754532628,0.45805416,1.2035722,-48.71459363868919,3.331998,2.574389696121216,0.005996585,-0.16675206,1.3423774242401123,0.9992530346121214,42,0.4145620297001728,0.5052869,-47.81876801095956,1.1330773830413818,0.44169182
-43.18018916634651,0.3765011,1.2041718,-44.99092544590355,3.3339965,3.8571882247924805,0.009160765,-0.13637847,1.2766480445861816,0.9991309644677807,43,0.3826745326635694,0.42653048,-43.99007443667858,1.2242932319641113,0.4418242
-39.626285357595336,0.44134778,1.2050879,-41.51936328988503,3.3370523,5.2748565673828125,-0.0028270793,-0.17543383,1.41493558883667,0.9989716877451061,43,0.41908640849916967,0.5046166,-40.52431879317822,1.352557897567749,0.44202685
-35.42199871047574,0.41821876,1.2048053,-37.68112192481694,3.3361094,6.747741460800171,0.03526892,-0.13358119,1.4696354866027832,0.9986179331248376,43,0.5016947429894592,0.47513437,-36.60187872275421,1.3448407649993896,0.4419624
