LossAfter,MaxKL,Entropy,MinReturn,AverageReturn,Perplexity,TotalExecTime,LossBefore,MaxForwardProgress,ItrTime,NumTrajs,StdReturn,AverageForwardProgress,Time,MaxReturn,ExplainedVariance,StdForwardProgress,AveragePolicyStd,MeanKL,MinForwardProgress
-0.08147358,1.6808937,11.351508,17.01101597156596,81.3960599686685,85093.69,1.9314053058624268,0.012944931,1.6653507940419012,2.294323444366455,29,41.28086234832704,0.05337384210025656,2.2943203449249268,154.971997354425,0.4361409936238996,0.8853838148354288,1.0,0.231327,-2.243382974754095
-0.0059459405,0.5555709,11.356687,11.776791500456802,72.66195292609615,85535.484,1.8834035396575928,0.037996225,1.587564493876997,2.1163923740386963,34,33.63868898128328,0.09057067821352405,4.412503480911255,143.33926223479278,0.4140835829088275,0.6237987375845252,1.0006571,0.060566388,-1.075024000145781
-0.06972691,0.24382627,11.3642845,3.386676291310943,68.45264197859872,86187.85,2.1197030544281006,-0.038200065,2.560700859095361,2.215514659881592,34,41.61609054387866,0.1331817343756654,6.629768371582031,147.23825451655253,0.38170599205908884,0.907139477647864,1.0016164,0.028352888,-1.5864424150894816
-0.006464497,0.42018324,11.356644,-18.81849785699806,73.26786549724791,85531.81,1.8917007446289062,0.029367851,2.2125735799032746,1.988957166671753,31,41.25870941739091,0.10129699673898153,8.621855974197388,149.54720219852214,0.5007423069923786,0.9978727892336703,1.0006658,0.031637438,-2.2899049702484757
