MaxKL,MaxReturn,ItrTime,LossAfter,MeanKL,TotalExecTime,Time,LossBefore,NumTrajs,StdReturn,Perplexity,AveragePolicyStd,AverageReturn,Entropy,ExplainedVariance,MinReturn
172.09178,-50.181974722543664,0.9333014488220215,-3.2077367,171.13693,0.6395618915557861,0.9332993030548096,0.010564036,43,0.3701625843863602,1.9259833,0.3358152,-50.904422250146304,0.65543664,0.9994888225356068,-51.921119083579875
57.119995,-20.060285034180776,0.6903328895568848,-1.8807359,54.63201,0.555419921875,1.6251413822174072,-0.03355634,43,0.436748014883967,1.9300569,0.3361722,-21.07669281450671,0.6575495,0.9961731883177445,-21.85025852291396
53.9271,-17.72166816997222,0.8039789199829102,-1.8709513,52.24363,0.7654781341552734,2.4308664798736572,-0.022705944,43,0.3535252138450515,1.9235913,0.33560842,-18.65473727640543,0.6541939,0.9969835656004686,-19.36275654746824
59.330345,-17.88941828796178,0.6839838027954102,-1.8641293,56.116753,0.6457216739654541,3.117365837097168,-0.014737418,43,0.43522994305327084,1.9192284,0.3352273,-19.05603122060461,0.65192324,0.9954226664812305,-20.024297056263187
67.32594,-17.804645380604935,0.5893018245697021,-2.1882155,64.86418,0.5507566928863525,3.710723400115967,-0.015570314,43,0.30415988923206627,1.9164022,0.33498085,-18.48803207002294,0.6504496,0.9976383646556806,-19.021284981939857
