NumTrajs,MeanKL,Perplexity,MinReturn,MaxKL,Entropy,LossAfter,ItrTime,LossBefore,TotalExecTime,Time,ExplainedVariance,StdReturn,AverageReturn,AveragePolicyStd,MaxReturn
43,52.33137,1.772403,-19.874034823157093,53.410496,0.57233626,-1.8864492,1.310776948928833,0.0036094736,0.9743459224700928,1.3107736110687256,0.9970826921132825,0.3435494534558754,-18.78672074737566,0.32229263,-18.120843289513978
43,13.627403,1.7736831,-17.479353864368964,14.057277,0.5730582,-0.9620684,1.2360281944274902,-0.030090006,0.9517138004302979,2.548809289932251,0.9971271487575097,0.30863022584254496,-16.922935874671456,0.32241136,-16.307205574791553
142,2.543956,1.768354,-5.831260113725833,2.617052,0.5700492,-0.24136391,1.6137959957122803,-0.043858755,1.550628662109375,4.167719602584839,0.02488987653124175,1.2818522895654343,-1.51076980327806,0.32192653,-0.08952615130756034
103,2.2535815,1.7606152,-6.8760389317968675,2.3455067,0.56566334,-0.19383706,1.2601075172424316,-0.015530218,1.201268196105957,5.430814981460571,0.1057588111415162,2.0259163452823947,-2.4623422218959314,0.32122004,-0.09940546178955484
152,1.2117962,1.7578832,-5.432334801417966,1.2333765,0.56411034,-0.116774864,1.665208101272583,-0.023699425,1.6017088890075684,7.099050283432007,0.029050872039053655,1.2301853197465307,-1.448358346231192,0.3209786,-0.09045781598879955
