MinReturn,ItrTime,MaxKL,StdReturn,ExplainedVariance,NumTrajs,Perplexity,TotalExecTime,LossAfter,Entropy,MaxReturn,MeanKL,Time,LossBefore,AverageReturn,AveragePolicyStd
-13.07553180953739,0.9284002780914307,172.80432,0.32486143264392103,0.9926691969581728,43,1.9259833,0.6410307884216309,-3.2410276,0.65543664,-11.562399972514521,171.95302,0.928398609161377,-0.010957702,-12.075263539936232,0.3358152
-59.711340467306854,0.7031707763671875,57.61842,0.4702209047135646,0.9994721590635217,43,1.9217669,0.564964771270752,-1.8781352,0.65324503,-57.83449598320325,55.333836,1.6330785751342773,-0.019591238,-58.897580989660554,0.33544964
-22.413608518312856,0.574373722076416,20.068447,4.427534647339292,0.992579989003242,45,1.9180057,0.5406990051269531,-0.6976075,0.65128595,-0.0052326976941830475,19.743563,2.208974838256836,0.013674493,-20.481520248214863,0.33512056
-7.821623613524222,0.8123679161071777,5.8224506,2.63565808769194,0.4687664289427078,61,1.9206301,0.759314775466919,-0.20055027,0.6526533,-0.006561508873929117,5.7272916,3.023303747177124,-0.0035197707,-5.14686219845336,0.3353464
-6.453642852133234,0.6092922687530518,3.2872808,1.8947871372309326,0.09940596775120225,100,1.9199543,0.5638432502746582,-0.117137454,0.6523014,-0.0038073796254512655,3.2672565,3.635085344314575,-0.001005158,-2.503380195885931,0.3352867
