MaxReturn,StdForwardProgress,MinForwardProgress,LossAfter,StdReturn,NumTrajs,MaxKL,TotalExecTime,MaxForwardProgress,MinReturn,MeanKL,Perplexity,AverageReturn,LossBefore,ItrTime,ExplainedVariance,AveragePolicyStd,Time,AverageForwardProgress,Entropy
105.38778190205538,0.8853838148354288,-2.243382974754095,-0.11190918,40.804136842527846,29,1.3029159,1.908477783203125,1.6653507940419012,-95.89892355940218,0.11837225,85093.69,12.51191047185383,-0.03365607,2.285961151123047,0.3401538696448636,1.0,2.285959005355835,0.05337384210025656,11.351508
70.03333415498307,0.9730853436068301,-2.9333604323086098,-0.08064096,42.74512816792281,37,0.1252417,1.9805116653442383,1.7774297803261019,-123.84496842307168,0.012412032,83955.664,-6.613326530132368,-0.051965464,2.19022274017334,0.42860505330331533,0.9983225,4.47823166847229,-0.3409618505403174,11.338044
107.35544220031707,0.9202515670937503,-1.6740898961135988,-0.0233699,40.88852815741123,29,0.44904995,1.7173714637756348,2.1919768472810564,-62.16065565880856,0.04537075,83087.7,17.1832775652225,0.018536178,1.7914276123046875,0.2904123899841823,0.9970274,6.271623373031616,0.168601518869391,11.327652
58.67386137627173,0.8695862013362777,-2.1722378093116492,0.0031243453,38.09086830500455,30,0.40762594,2.1961023807525635,1.455971390045833,-91.27707816938401,0.040996768,83396.35,4.1075755865406895,0.04325243,2.2787680625915527,0.3863816830514405,0.9974874,8.561607122421265,-0.12458710065455939,11.33136
