Time,TotalExecTime,MeanKL,AverageReturn,ExplainedVariance,MaxKL,LossBefore,Perplexity,AveragePolicyStd,LossAfter,ItrTime,Entropy,MaxReturn,StdReturn,NumTrajs,MinReturn
0.8607454299926758,0.5854923725128174,32.835934,-46.56385689019144,0.999251722261059,39.685764,0.013517005,4.2713866,0.50105613,-1.4269413,0.8607494831085205,1.4519385,-45.714430016832054,0.44473544416364846,43,-47.84836926474988
1.6435306072235107,0.6503527164459229,1.1082923,-8.883690250256565,0.6519839293673171,1.2506382,0.033329397,4.3295135,0.50435257,-0.049226083,0.7810952663421631,1.4654552,-0.8145453285044623,3.103551776979582,52,-11.448367715281112
2.2525391578674316,0.5539405345916748,0.033657096,-2.7215704034946286,0.08713582869139413,0.046936214,-0.017681677,4.4022694,0.50842905,-0.021380298,0.6074800491333008,1.4821202,-0.6276343687067474,1.7281264027393128,113,-7.158249390011224
2.8550877571105957,0.555243730545044,0.17807177,-2.6985878031128303,0.08311377340736648,0.2111592,-0.018179527,4.363521,0.50621754,-0.034451604,0.5994200706481934,1.4732794,-0.6291947937264876,1.7003903748470135,107,-6.66252483549718
3.5108113288879395,0.606245756149292,0.5738449,-2.751267832651368,0.07210183675404014,0.69188946,-0.025712503,4.3240366,0.50380474,-0.073419966,0.6526837348937988,1.4641894,-0.621988592606142,1.7378021942432542,111,-6.84185014380944
