LossAfter,MeanKL,MaxReturn,MaxKL,Entropy,ExplainedVariance,LossBefore,StdReturn,Time,Perplexity,AverageReturn,ItrTime,MinReturn,NumTrajs,TotalExecTime,AveragePolicyStd
-0.25179774,0.9777648,-53.12890571872898,1.0840265,1.4935642,0.9992895412706833,-0.012775496,0.4648544552133137,1.811995029449463,4.4529386,-54.232960730368546,1.8119986057281494,-55.16442665061822,43,1.3642468452453613,0.5113537
-0.11418676,0.2542578,-46.000100852058274,0.28051168,1.4910089,0.9987101017927688,0.00837764,0.5159234141124579,3.277658462524414,4.441574,-47.05101831671942,1.462857961654663,-48.2255673053853,43,1.1813266277313232,0.51074654
-0.13718806,0.2682181,-42.49523881213345,0.29798886,1.4918468,0.999015985567506,-0.010028658,0.40861162662076933,4.761090993881226,4.4452977,-43.36342994118751,1.4782302379608154,-44.20530704644905,43,1.4147677421569824,0.51094717
-0.14787713,0.31360394,-38.646166199169556,0.3512023,1.4908439,0.9982840722283828,-0.00075053994,0.5485424585352261,6.096702575683594,4.4408417,-39.77890298529886,1.3327147960662842,-41.0335138364624,43,1.2899343967437744,0.5106952
-0.12769279,0.30905372,-34.0619306233545,0.34522504,1.4907689,0.9978387470143887,0.017187664,0.6443063740729571,7.415553331375122,4.4405084,-35.59125464566162,1.3155338764190674,-36.974250171077145,43,1.2285313606262207,0.5107013
