TotalExecTime,Entropy,MinForwardProgress,ItrTime,NumTrajs,AveragePolicyStd,Perplexity,MaxReturn,LossBefore,MaxForwardProgress,ExplainedVariance,MinReturn,MaxKL,AverageReturn,LossAfter,AverageForwardProgress,MeanKL,StdForwardProgress,StdReturn,Time
2.9939522743225098,9.477427,-0.6727553816701273,3.6185872554779053,23,0.79670346,13061.529,11.436936818549697,0.023144701,1.1058574373738883,0.41526198922665125,-79.6756433172329,3.408823,-35.52536997475968,-0.06061862,0.17795347918048837,0.4365937,0.45642705801731104,23.270844355668928,3.618581533432007
3.636859178543091,9.482055,-0.8567065217996598,3.9216463565826416,23,0.7970792,13122.121,6.582296239899555,-0.07049014,1.0365743968088532,0.48620033684616715,-88.32162165142348,0.885759,-42.07574421114477,-0.12940758,0.05965606870744041,0.16914022,0.47416423640106986,23.884194687313226,7.544058084487915
2.5827083587646484,9.475006,-0.10979707914709727,2.724759101867676,23,0.7963929,13029.953,17.92853403730138,-0.009345862,1.2478054021078921,0.4337150336189163,-51.61591116040873,1.1781168,-22.778880447309472,-0.080051415,0.45803721178064055,0.19449683,0.4033741972745398,19.797353225578597,10.272625923156738
2.618722677230835,9.4740715,0.00987653759427374,2.6985833644866943,23,0.7962837,13017.781,40.41107856350511,0.027772356,1.8814061698071387,0.2634231194569584,-45.277640240193115,0.6153975,-7.242923627512213,-0.014969966,0.7761619068544346,0.06888696,0.49740599659773377,23.517855284277022,12.974488973617554
