AverageReturn,AveragePolicyStd,MaxReturn,MinReturn,Time,MaxKL,NumTrajs,StdReturn,ItrTime,LossAfter,TotalExecTime,ExplainedVariance,LossBefore,Entropy,Perplexity,MeanKL
-48.41410919072295,0.44232267,-47.654131136538695,-49.098981802999425,1.4163672924041748,1.9216728,43,0.3344296015815058,1.4163720607757568,-0.33328187,1.0118029117584229,0.9994938637865398,-0.009249645,1.2064122,3.3414745,1.737168
-40.99285836467057,0.44191134,-40.02745329217482,-42.007057253367,2.5203776359558105,0.4762372,43,0.42377489270917956,1.101834774017334,-0.15282471,0.8559646606445312,0.9989025976472962,0.011420725,1.2045623,3.335299,0.43024936
-37.349127627201874,0.4421637,-36.543652172499385,-38.06794169520651,3.810967206954956,0.46274614,43,0.3973921688058094,1.2857365608215332,-0.15405999,1.2234952449798584,0.9988318948471855,0.005860375,1.2057045,3.3391104,0.4145551
-33.58961071621795,0.44229367,-32.47916528280286,-34.66828969531816,5.220951318740845,0.5371889,43,0.44067704239394817,1.4075953960418701,-0.18329346,1.3483490943908691,0.9986197734762857,0.0032837233,1.2062905,3.3410678,0.47264993
-29.706372614676997,0.4423675,-28.71454420015324,-30.48076231919944,6.52315878868103,0.4044503,43,0.4056900402015224,1.297729253768921,-0.13959111,1.2400169372558594,0.9980915959095933,0.006056921,1.2066188,3.342165,0.36146736
