NumTrajs,LossAfter,AveragePolicyStd,MaxKL,Time,MaxReturn,AverageReturn,TotalExecTime,MeanKL,ExplainedVariance,Perplexity,MaxForwardProgress,MinForwardProgress,StdReturn,AverageForwardProgress,StdForwardProgress,MinReturn,ItrTime,Entropy,LossBefore
24,-0.1420159,0.79670346,3.0713844,2.472041606903076,167.3787141385143,139.64836034493513,2.1278762817382812,0.50700384,0.8719519642270064,13061.518,2.7550993302484854,-0.6727553816701273,21.394413783126808,0.2720558686881324,0.6733531469525275,63.52274950611832,2.472043514251709,9.477426,-0.030008875
23,-0.075413324,0.7960619,0.63391054,4.584720134735107,172.8634538066145,157.07702550343453,1.8473362922668457,0.11905397,0.9575428246471096,12983.352,0.9039293452595348,-0.6567321422962111,11.712120825644243,0.21531086181639036,0.37089217748425213,136.0798522413222,2.110241651535034,9.471423,-0.030636357
23,-0.092605084,0.79574955,0.46751872,6.678661346435547,183.08885453293232,168.27788935953754,2.0243377685546875,0.08098155,0.9888124873920441,12943.642,0.7590067321073081,-0.18690439510039386,5.598578119404519,0.22549573093569683,0.23634983607406784,159.38461831533033,2.0912764072418213,9.46836,-0.055194117
23,-0.04409445,0.79517865,0.31613848,8.80581545829773,179.56425969801035,165.46904528448187,2.036637306213379,0.07107891,0.9792924796384944,12872.403,0.679614802865249,-0.6491130375398468,8.293650039460799,0.17402595910179958,0.2960741890377655,144.69055943882327,2.122112989425659,9.462841,-0.0030940047
