StdReturn,MeanKL,LossAfter,NumTrajs,MaxReturn,Time,LossBefore,Entropy,MinReturn,Perplexity,ItrTime,AveragePolicyStd,TotalExecTime,ExplainedVariance,MinForwardProgress,AverageReturn,MaxKL,MaxForwardProgress,AverageForwardProgress,StdForwardProgress
27.276730961289463,1.7177773,-0.13727494,23,-85.5294410311462,2.526862621307373,-0.000446057,9.522982,-186.77809801212905,13670.311,2.5268688201904297,0.7996021,2.141481637954712,0.7794845450637362,-1.4169466477744077,-139.5795361898153,22.58364,0.6366946674858941,-0.4513146209126118,0.5275000511327865
34.9936613275221,0.11325486,-0.039082084,24,-14.016107885820778,4.806840658187866,0.0037462744,9.522895,-159.0387045388145,13669.124,2.27652645111084,0.7995447,2.0661239624023438,0.5246926764328872,-0.8092821135999664,-88.53611811887033,1.1395591,1.701935484609363,0.5132472579032646,0.6155165362205042
48.07495503772243,0.40945688,-0.07908881,24,21.004745269966605,7.09486198425293,-0.007663464,9.523269,-191.79819941401792,13674.235,2.2862813472747803,0.7995442,2.2118992805480957,0.54555832916283,-1.4460726879338708,-100.65559139725583,6.5638742,2.7680000554692734,0.2665052629758336,0.8921180235366968
32.585744778628424,0.08732,-0.06460669,30,8.38352369532811,9.272510528564453,-0.022084536,9.5225,-116.71938008979966,13663.729,2.1746606826782227,0.7994796,2.0992486476898193,0.4590352859150387,-0.43635038289887523,-47.91117321773484,0.8475778,2.855817660473137,0.8726831512287514,0.7670902064572622
