AveragePolicyStd,AverageReturn,NumTrajs,MaxReturn,LossAfter,Time,ItrTime,MeanKL,Entropy,LossBefore,ExplainedVariance,MaxKL,MinReturn,StdReturn,TotalExecTime,Perplexity
0.47636598,-12.456926436236433,43,-11.639964693072812,-0.2699248,1.634584903717041,1.634589433670044,1.0789331,1.354061,-0.016271722,0.9890779755090593,1.2754383,-13.858319105552207,0.43839530771289875,1.1153454780578613,3.8731225
0.47558236,-3.275349061194667,88,-0.0067555092676817585,-0.0034807809,3.3593387603759766,1.721217155456543,0.031411715,1.3508068,0.013500571,0.1729627467329996,0.036709905,-7.641388246601566,2.260307413683076,1.4240481853485107,3.8605392
0.47589684,-2.780354813182379,98,-0.010320629850544839,-0.07673804,4.345704555511475,0.9830048084259033,0.03475304,1.3521569,-0.060378555,0.1458735878722085,0.039353073,-7.218777023915085,2.4268495682182865,0.88932204246521,3.8657546
0.47445244,-2.0588005088685493,122,-0.002287592978537294,-0.064938955,5.728628158569336,1.3794941902160645,0.032485683,1.3461188,-0.04948356,0.051696881211823364,0.037050784,-7.0625312798299955,1.7985962059355283,1.296337604522705,3.842483
0.47328717,-1.6943145288971129,140,-0.0016370334508139025,-0.06801417,7.3368659019470215,1.605006456375122,0.0044142464,1.3411705,-0.06522783,0.04070422390221573,0.0052660108,-5.937171851886507,1.4586727496175134,1.5332608222961426,3.8235166
