NumTrajs,MinReturn,ItrTime,Entropy,TotalExecTime,Time,StdReturn,AveragePolicyStd,MaxReturn,MeanKL,MaxKL,ExplainedVariance,Perplexity,AverageReturn,LossBefore,LossAfter
43,-55.940663812016766,1.9304661750793457,1.171892,1.3517284393310547,1.9304618835449219,0.3720951987667336,0.4348612,-54.25314532533885,33.508472,34.179195,0.9995519584394958,3.2280946,-55.15937242340095,-0.0118104415,-1.445979
43,-22.493604435965104,1.2152516841888428,1.1695302,0.9986679553985596,3.148650646209717,0.42411589174313646,0.4343316,-20.76900426076745,9.627854,10.313213,0.9957843335979002,3.2204792,-21.545878518560635,-0.0050328244,-0.7575851
103,-7.541112570347838,1.274928331375122,1.169027,1.2055292129516602,4.425861358642578,1.867883549340469,0.43422174,-0.7845329128576575,0.82071924,0.92649615,0.1046000577528099,3.218859,-3.03016815790581,-0.005920486,-0.07189696
147,-7.152383766445529,1.5119528770446777,1.168435,1.4497296810150146,5.940587759017944,1.4843494451364143,0.43409753,-0.7843499633993645,0.68794817,0.78027356,0.04703921940910272,3.216954,-2.204581992990492,-0.05214896,-0.10730777
110,-6.973835073025887,0.9989874362945557,1.1632198,0.8774383068084717,6.943914175033569,1.7850353391895388,0.43298453,-0.7843388422785946,0.7210677,0.8200109,0.09066851651874719,3.2002208,-2.732391284185731,-0.035023704,-0.09234799
