Time,MaxKL,AverageReturn,LossAfter,MaxReturn,Perplexity,StdReturn,LossBefore,ExplainedVariance,TotalExecTime,ItrTime,NumTrajs,MinReturn,Entropy,AveragePolicyStd,MeanKL
1.100356101989746,1.5050874,-49.04855451222532,-0.27846813,-48.09642857815229,3.3414745,0.4482981257808034,0.013042932,0.9992888712217008,0.782440185546875,1.100358486175537,43,-50.42005468984966,1.2064122,0.44232267,1.320611
1.995220422744751,0.38475555,-41.82625226615676,-0.13848515,-41.011671852230506,3.3502023,0.4261557216995026,0.011548604,0.9991957317317574,0.7513518333435059,0.8931305408477783,43,-42.833473986878275,1.2090207,0.44290146,0.32866734
2.6780433654785156,0.31815118,-38.21952353227238,-0.13655043,-36.83327774119728,3.3540738,0.47952365989515827,-0.0068980106,0.9985597857005422,0.6501219272613525,0.681311845779419,43,-39.056800951252214,1.2101756,0.44315693,0.26961172
3.5719494819641113,0.30419648,-34.688638155614925,-0.14145333,-33.44522667063328,3.3517606,0.5654869972729334,-0.010426299,0.9977130484450714,0.8494656085968018,0.8916008472442627,43,-35.9460649383068,1.2094858,0.4430046,0.26700014
4.501088619232178,0.3266874,-30.66810150838937,-0.14002763,-29.363807244316153,3.3482676,0.5448844830462084,0.0035138293,0.9974606396586614,0.8830890655517578,0.9246773719787598,43,-31.62705683223122,1.208443,0.44277585,0.29320258
