Perplexity,LossAfter,Entropy,ItrTime,ExplainedVariance,AverageReturn,AverageForwardProgress,NumTrajs,Time,MinReturn,StdForwardProgress,MaxReturn,MeanKL,AveragePolicyStd,TotalExecTime,LossBefore,StdReturn,MaxKL,MaxForwardProgress,MinForwardProgress
47269.582,-0.7508206,10.763622,2.486910104751587,0.4264290319948466,24.13448673388271,0.10442515545518344,25,2.486907482147217,-62.649336709961304,0.8254188823860785,106.74180603011797,40.03178,0.93301165,2.149024486541748,0.021615066,39.2306071830749,288.34216,1.7108011090674478,-1.7050961921418215
49357.91,-0.10927809,10.806853,2.5457894802093506,0.6048269842458056,31.880199818513244,0.2153297172077607,23,5.034608364105225,15.946947989571976,0.22051740697330535,57.43083261710225,0.88086027,0.9371099,2.3705551624298096,0.030380063,10.418299255705053,12.086844,0.706182815093641,-0.1161838990219223
50880.473,-0.16949016,10.8372345,2.288881301879883,0.6911418596774792,37.68542783329985,0.44203059718817994,25,7.3265135288238525,-43.6122904797716,0.5572766844899811,77.45617474838738,2.0741982,0.9411065,2.206340789794922,0.002072233,27.30925457611285,29.423466,1.2982693008867225,-1.102051334658225
50985.83,-0.16292973,10.839303,2.306835651397705,0.596402549960861,25.919993322857437,0.5728844299050974,48,9.636574506759644,-36.44395652110034,0.7243735020526753,100.57344280776054,11.1471815,0.9416382,2.237633228302002,0.013071125,32.25853835310667,86.23966,2.1005801671418842,-0.6237204418967334
