AveragePolicyStd,StdReturn,MinReturn,MaxReturn,NumTrajs,LossAfter,Entropy,Time,TotalExecTime,AverageReturn,MaxKL,LossBefore,MeanKL,Perplexity,ExplainedVariance,ItrTime
0.32229263,0.3216216740964812,-35.68776994297163,-34.45788155536672,43,-1.5425777,0.57233626,1.1333284378051758,0.8439755439758301,-35.106608078986454,40.00952,-0.0118130045,39.394875,1.772403,0.9991022300625385,1.1333332061767578
0.321908,1.1442717086591234,-5.41344415482069,-0.3619431492893654,167,-0.13066621,0.5699739,2.0562968254089355,0.7519443035125732,-1.4344945185219586,1.1689978,-0.05422762,1.05478,1.7682209,0.026665474105232234,0.9213032722473145
0.32103845,0.9503608487456584,-4.841985025704149,-0.36302716556530606,171,-0.096658126,0.5645512,2.9665074348449707,0.8669931888580322,-1.296048929287714,0.8852288,-0.04121475,0.79317963,1.7586583,0.024996721341625228,0.9080052375793457
0.3203767,0.983005866542061,-5.015388875744762,-0.3594050008174099,162,-0.16555403,0.5604296,3.8675968647003174,0.8495497703552246,-1.4213900277234044,1.8197508,-0.051356904,1.6670479,1.7514247,0.028997239402543173,0.8985002040863037
0.31954402,1.624486323664072,-6.348513945776341,-0.35893901081778967,125,-0.30123585,0.55529386,4.9929633140563965,1.0686664581298828,-2.093621355140746,4.4896555,-0.028313553,4.162136,1.742453,0.047440458956486964,1.1227202415466309
