MinReturn,StdForwardProgress,MeanKL,MinForwardProgress,StdReturn,MaxForwardProgress,AverageForwardProgress,NumTrajs,MaxReturn,AverageReturn,Time,Entropy,ExplainedVariance,LossAfter,TotalExecTime,ItrTime,AveragePolicyStd,Perplexity,LossBefore,MaxKL
-67.52292503409048,0.6733531469525275,0.68208784,-0.6727553816701273,30.134392587090478,2.7550993302484854,0.2720558686881324,24,79.13053740697033,-19.941179250841596,2.242485761642456,9.477426,0.4253458898921061,-0.09253117,1.922377586364746,2.2424933910369873,0.79670346,13061.518,0.016994543,7.055482
-93.58734269130422,0.5710628644179715,0.10338666,-1.211839989478783,28.724628833346777,1.2026620231083036,0.19076891999383833,23,26.864629310604798,-23.9652818661928,4.409735918045044,9.480824,0.4460649481011516,-0.09341627,1.9966211318969727,2.1641271114349365,0.7970422,13105.987,-0.0378846,1.1655123
-65.00813568791557,0.3572981499180965,0.091633566,-0.6422558985101042,17.828022880155252,0.9844521146245009,0.07841518594463472,23,15.958889899995402,-29.1209091106575,6.623956203460693,9.477036,0.5061469146480431,-0.07426357,2.1435256004333496,2.2123281955718994,0.7967372,13056.437,-0.029986493,0.45340174
-65.30950068809733,0.4650472132654437,0.10258464,-0.6467125793550709,23.120372596523783,1.0095920070102335,0.24490190954242208,23,17.014580293274676,-20.77348374685535,8.63161563873291,9.474038,0.45696091284847973,0.002696082,1.9111955165863037,2.0046634674072266,0.796465,13017.347,0.04933599,0.94053704
