AverageReturn,MeanKL,Time,MinReturn,ItrTime,TotalExecTime,LossAfter,NumTrajs,LossBefore,ExplainedVariance,StdReturn,MaxKL,MaxReturn,AveragePolicyStd,Entropy,Perplexity
-9.93013909420977,7.969057,1.78706955909729,-11.947522593172199,1.7870748043060303,1.082493782043457,-0.3694465,46,0.002071642,0.8833771931819269,2.3728568615367527,8.174063,-0.21081603720099423,0.4348612,1.171892,3.2280946
-7.73227510155529,0.58478,3.450505018234253,-9.725479132110298,1.6479990482330322,1.4091687202453613,-0.07011201,50,-0.015254624,0.711940829968998,2.4274058284161373,0.5991854,-0.8481544957588858,0.43495566,1.1723065,3.2294328
-1.7867615962913577,0.48549005,4.547079801559448,-6.433657980132642,1.0947520732879639,1.000455379486084,-0.07817021,135,-0.033570834,0.04832308810142627,1.6281613433197626,0.4958771,-0.0017736272027942795,0.43461984,1.1707813,3.224511
-1.6244405556698174,0.2801392,6.113718509674072,-5.915402574753989,1.5591373443603516,1.4104228019714355,-0.08722395,138,-0.062783375,0.056199125061281,1.5121097348029566,0.28392822,-0.0014861180106305917,0.43387598,1.1674238,3.213703
-1.5542623151671666,0.40270573,7.6015801429748535,-5.582784516302707,1.4847121238708496,1.4247753620147705,-0.07138639,134,-0.036907565,0.04423909331348852,1.3692870144246436,0.40785992,-0.0028142407086223617,0.43250299,1.1611458,3.1935904
