MinForwardProgress,AverageForwardProgress,MaxReturn,AveragePolicyStd,StdForwardProgress,LossAfter,LossBefore,MinReturn,MaxForwardProgress,TotalExecTime,Time,ItrTime,ExplainedVariance,NumTrajs,MeanKL,Entropy,AverageReturn,Perplexity,MaxKL,StdReturn
-0.6727553816701273,0.2720558686881324,91.80236303769675,0.79670346,0.6733531469525275,-0.09655271,0.0151703255,-36.79887672151713,2.7550993302484854,1.9271280765533447,2.2800791263580322,2.2800822257995605,0.40253340708175545,24,0.7462693,9.477426,9.242029374471924,13061.518,7.975211,27.668044104119335
-0.8908319728551953,0.15035377531461572,53.30612585775122,0.7970067,0.5039337635609351,-0.024344748,0.023264425,-46.652786283705275,1.0838654274573332,1.9532530307769775,4.404547691345215,2.1223952770233154,0.3957942053789937,23,0.056368202,9.48046,5.242539585270203,13101.214,0.5283965,25.544424790893817
-1.0739669391576416,0.02530797319388732,52.824605923268244,0.7971875,0.5125325829827734,-0.07097656,-0.011670742,-56.23375614383339,1.1734744062116873,2.2577993869781494,6.74170708656311,2.334808349609375,0.33881134855765893,24,0.16973324,9.482787,-1.6399022015862383,13131.735,1.7139477,25.225860575430026
-1.449275701749653,0.2791811700911024,79.41140637130012,0.79701453,0.6700146080224573,-0.10245468,-0.04181598,-75.20039903942173,1.7561551918988854,2.032656669616699,8.845944166183472,2.09889817237854,0.5673485769728009,23,0.20992647,9.48162,11.183354001719774,13116.416,1.1861851,33.066257543612046
