Time,MaxForwardProgress,LossBefore,AveragePolicyStd,ExplainedVariance,LossAfter,MinForwardProgress,AverageForwardProgress,Entropy,TotalExecTime,MeanKL,AverageReturn,ItrTime,StdReturn,NumTrajs,MaxKL,StdForwardProgress,Perplexity,MaxReturn,MinReturn
2.731560468673706,0.6366946674858941,-0.02109535,0.7996021,0.5371900150077475,-0.15796985,-1.4169466477744077,-0.4309440237832256,9.522983,2.270089626312256,1.5245559,67.58362864986638,2.731562376022339,26.668722942324706,24,18.40318,0.5255534221286091,13670.323,114.92202505415706,5.068363426605425
4.944363117218018,1.3625907713628578,0.034747966,0.79912287,0.752434991977257,-0.005847261,-1.0142222636464244,0.3387402101238935,9.518762,1.8914237022399902,0.06986741,92.71420226385123,2.211028575897217,24.577922606269535,23,0.91048676,0.6457005841015453,13612.743,133.4254311913328,42.15452216192218
6.996088981628418,1.8182812091640768,-0.008110803,0.79947734,0.7558389982330275,-0.059505507,-1.7766862682555415,0.41742093617530157,9.522239,1.9773125648498535,0.12133565,96.92146677373132,2.048299551010132,28.159344990486428,23,1.2223498,0.7543260621984959,13660.158,149.13846105266924,4.010689820012355
9.152130126953125,2.28093784399166,-0.03760678,0.7994038,0.6925414674382511,-0.16555868,-0.9970702699995644,0.5735502162463573,9.521427,2.0769004821777344,0.6790659,87.97682460633607,2.1498167514801025,29.844118486210174,26,8.206099,0.7213540634703381,13649.077,136.7950585842486,4.080164386506824
