Entropy,Time,MaxReturn,LossBefore,MeanKL,AverageReturn,MinReturn,StdReturn,Perplexity,NumTrajs,MaxKL,AveragePolicyStd,TotalExecTime,ItrTime,LossAfter,ExplainedVariance
0.95546263,0.9133098125457764,-53.538845826002316,-0.023303421,36.10759,-54.18097431005687,-54.91994144232574,0.346558642443324,2.599873,43,37.065826,0.39017677,0.6405093669891357,0.9133114814758301,-1.5413591,0.999597381116709
0.9508017,1.6089391708374023,-19.320025136806095,-0.0016653619,11.278664,-20.152114417794756,-21.136577598351117,0.4276211492572727,2.5877833,43,12.058092,0.38926393,0.5601520538330078,0.6940882205963135,-0.84024525,0.9951926507784021
0.9506352,2.5035946369171143,-0.7844225159199851,-0.045674324,0.4956929,-2.052637287602325,-5.821413695487845,1.2375697216305255,2.5873525,149,0.5559867,0.3892321,0.8069760799407959,0.8930883407592773,-0.0804717,0.05798188674520721
0.9460678,3.195248603820801,-0.784337996067568,-0.07525328,0.34946987,-1.7548903974455636,-5.585401597366912,1.0286928507693522,2.5755622,181,0.41106087,0.38834295,0.6421878337860107,0.6900370121002197,-0.10163492,0.06019839535557192
0.9385424,3.8909966945648193,-0.7845495969706714,-0.05581722,0.09735198,-1.9797294805006722,-5.313485725057296,1.1730522519125313,2.5562527,153,0.1126768,0.38688287,0.6436831951141357,0.690671443939209,-0.063597105,0.07443740292769885
