MaxForwardProgress,Perplexity,MaxKL,LossBefore,LossAfter,MeanKL,ItrTime,TotalExecTime,AverageReturn,NumTrajs,MaxReturn,MinReturn,StdReturn,MinForwardProgress,AveragePolicyStd,Entropy,ExplainedVariance,AverageForwardProgress,Time,StdForwardProgress
0.6366946674858941,13670.311,24.642817,-0.005646702,-0.16497575,1.8565481,2.3850128650665283,2.064467430114746,0.4604162693500763,23,56.36105579176408,-55.86983797176912,27.472929018863695,-1.4169466477744077,0.7996021,9.522982,0.33503127342902417,-0.4492047107759397,2.3850088119506836,0.5292972281851934
1.6687310856901445,13654.87,3.2553928,-0.027462954,-0.10252914,0.3688968,2.157360076904297,1.992605447769165,35.93596237161218,23,90.02538546974768,-5.883371134683404,24.251507767819945,-0.5895806224387755,0.79945964,9.521852,0.5157825863615719,0.40637045365049607,4.544371604919434,0.5643160674835479
2.929625956922889,13617.443,1.622657,0.040037878,-0.018454893,0.1944715,1.8771371841430664,1.789910078048706,49.69378657914558,24,110.87172149372516,-39.38668624763726,37.08031684574912,-1.1323953555033048,0.79921556,9.519107,0.6374871047790148,0.7901896953070725,6.423387765884399,0.9406368330542663
3.0215748767899133,13672.07,1.454496,-0.01880824,-0.063008174,0.11941673,2.155238389968872,2.0827090740203857,65.86177119082969,24,103.12608075488029,-27.393881092694006,30.270642888076264,-1.0216315379110261,0.7996285,9.52311,0.5823546986366992,1.0317070958696344,8.58556079864502,0.7732917146273538
