MeanKL,AverageReturn,StdForwardProgress,Time,AverageForwardProgress,MinForwardProgress,LossAfter,MaxForwardProgress,AveragePolicyStd,MaxKL,MinReturn,MaxReturn,StdReturn,ItrTime,Entropy,TotalExecTime,Perplexity,NumTrajs,ExplainedVariance,LossBefore
1.4291295,112.89567434739658,0.5352193105648755,2.3647892475128174,-0.43861677982798186,-1.4169466477744077,-0.15443379,0.6366946674858941,0.7996021,16.432095,45.97607266995168,144.97157414660336,23.38693361882839,2.364792823791504,9.522983,2.0510313510894775,13670.323,23,0.7617247739210538,-0.018619211
0.06416771,129.3122554879444,0.5187230807892671,4.465447425842285,0.21563406954836503,-0.396165270106777,-0.038715634,1.5917686343980426,0.7991406,0.51595366,106.14773569097908,151.2989394664832,11.451727028616215,2.098832368850708,9.519258,1.8683698177337646,13619.495,23,0.9290994369268643,-0.004332514
0.10844306,130.265899669132,0.6326264143100218,6.4110753536224365,0.6481562394977581,-1.2045872199879963,-0.001175484,1.7344398191852752,0.7990688,1.2298058,74.06453465705616,155.8274365037483,18.452525991465407,1.9436349868774414,9.5188265,1.87205171585083,13613.626,23,0.9041144260399069,0.04492315
0.26518893,129.81365624994584,0.5053265352900072,8.929703950881958,0.2628680829975692,-1.0930001502806386,-0.08905718,1.040353664440343,0.79948527,3.8620455,87.98827969176747,157.78168828535942,18.54517032235994,2.5147855281829834,9.523317,2.4180004596710205,13674.9,23,0.8628521908784741,-0.015718013
