TotalExecTime,MaxForwardProgress,Entropy,Perplexity,MeanKL,MinReturn,AveragePolicyStd,ExplainedVariance,MinForwardProgress,MaxReturn,StdForwardProgress,Time,AverageReturn,ItrTime,StdReturn,LossAfter,AverageForwardProgress,MaxKL,NumTrajs,LossBefore
1.9288966655731201,1.0008544166442688,8.91967,7477.622,0.60619766,-158.50528324640584,0.743062,0.7844067754211796,-0.7922484056943877,-66.36424030552021,0.4396750572771936,2.2944111824035645,-111.99011612984532,2.294412136077881,22.36083649855031,-0.0818789,0.11981593991924037,5.2918406,23,0.037698098
1.9908738136291504,1.2271305595035946,8.927213,7534.236,0.29160878,-164.3819275294463,0.743775,0.661645146787711,-0.9446227476254975,-7.475862674085955,0.5232138539093716,4.468446493148804,-102.17929762314456,2.172344446182251,32.64592582263159,-0.033458564,0.24955637356719237,2.3178253,24,0.048657298
2.151151418685913,1.5417651447631957,8.9320755,7570.9624,0.121940084,-161.36431888003992,0.7442727,0.5707819616323617,-0.883496168904661,-0.279631994951678,0.6774706848181695,6.686069488525391,-91.55305289484618,2.2148330211639404,38.479987531631004,-0.048972625,0.4065436925743527,0.8803011,25,0.0013815612
2.005732536315918,1.863210849834657,8.932216,7572.024,0.51911515,-129.6977616456738,0.74432474,0.6240849218521383,-0.22829388478800963,-26.32236035078168,0.5255820526280628,8.762781381607056,-86.62614194843427,2.0721852779388428,26.198544742252903,-0.066559635,0.6347815065496948,3.6026728,23,0.038146548
