ItrTime,MaxReturn,ExplainedVariance,MaxKL,LossBefore,StdReturn,TotalExecTime,NumTrajs,AveragePolicyStd,Time,MinReturn,AverageReturn,Perplexity,MeanKL,LossAfter,Entropy
1.8531160354614258,-54.32957692309954,0.9995053895592289,1.6622634,0.0055316905,0.3808932284771486,1.3081409931182861,43,0.44232267,1.853109359741211,-55.931779505001636,-55.33068879537857,3.3414745,1.5081574,-0.2845498,1.2064122
1.4233803749084473,-47.558391142345016,0.9992335726791431,0.42028365,0.008998001,0.40070725695061904,1.2176883220672607,43,0.44256747,3.2801249027252197,-49.35667877156797,-48.372911601660014,3.3451736,0.38136458,-0.13943547,1.2075186
1.1897244453430176,-43.92790470788996,0.9993154855871362,0.46176425,-0.00079951086,0.3953122352460341,1.1137371063232422,43,0.44276792,4.471439361572266,-45.51952524883687,-44.75451298266358,3.3481846,0.42183116,-0.170394,1.2084183
1.6105191707611084,-40.017251988155685,0.9987906146723426,0.4546342,0.009683994,0.45512212582316214,1.5121946334838867,43,0.44275087,6.086843729019165,-41.81249083072551,-41.04248590241833,3.3479176,0.40998226,-0.15559468,1.2083385
1.3018889427185059,-35.83153071351515,0.9986585125259759,0.41056317,0.028833568,0.4747203294719176,1.2428767681121826,43,0.44296503,7.392066478729248,-38.05189374687822,-37.160059144097495,3.35116,0.36650306,-0.12111566,1.2093066
