AverageForwardProgress,TotalExecTime,ItrTime,StdForwardProgress,StdReturn,MaxReturn,MaxKL,AveragePolicyStd,AverageReturn,ExplainedVariance,MinForwardProgress,MeanKL,MinReturn,Entropy,Time,LossAfter,NumTrajs,MaxForwardProgress,LossBefore,Perplexity
0.14653683942438325,2.1847734451293945,2.5051255226135254,0.4734923364215586,24.056774880000052,-172.1768645573169,7.784281,0.743062,-219.57997524041141,0.9041415675375881,-0.7922484056943877,1.0618894,-267.4099389096868,8.91967,2.505126476287842,-0.12279361,23,1.0859500827309039,0.024928443,7477.622
0.11437588718124239,1.9280586242675781,2.138700008392334,0.42593305046474444,21.345666151224226,-191.26742302804263,1.3992622,0.7435733,-221.60460207831503,0.9305799671100858,-0.8870983574659581,0.21744002,-272.220091369031,8.924659,4.6456077098846436,-0.06297833,23,0.7419584329203305,-0.0007911483,7515.0186
0.013753225222533525,1.8486292362213135,1.9308955669403076,0.48697372056735416,24.401318882626544,-161.66776835575254,3.4241796,0.7435961,-226.5389095844084,0.9025831862162519,-0.5445458595562189,0.25575852,-254.10848500655393,8.924579,6.578641653060913,-0.08535196,23,1.2933404151663825,-0.011964005,7514.4165
0.6555786773758129,2.0134122371673584,2.082190752029419,0.8126532135355062,49.27445017524099,-56.22032012894698,1.2201144,0.7434766,-188.4376220397313,0.7362080388865924,-0.6679892421140932,0.15859783,-261.80166794194474,8.923383,8.664647102355957,-0.02578009,24,2.6349870862704683,0.04609278,7505.4355
