Time,MaxForwardProgress,ExplainedVariance,TotalExecTime,MinForwardProgress,MinReturn,StdForwardProgress,LossAfter,AverageForwardProgress,Perplexity,LossBefore,AverageReturn,StdReturn,MaxKL,MeanKL,Entropy,AveragePolicyStd,ItrTime,MaxReturn,NumTrajs
2.3931543827056885,0.6366946674858941,0.5931461950376131,2.074892997741699,-1.4169466477744077,-116.94208933369096,0.5339219461899449,-0.17126353,-0.42109714537076626,13670.311,-0.007731985,-65.72777889973358,27.174617872149398,39.699486,2.973219,9.522982,0.7996021,2.393155813217163,-12.45260345067642,23
4.531592845916748,1.367041209157965,0.3738792152955709,1.9622130393981934,-1.0919604636026456,-100.83556922762612,0.5500525305903907,-0.08692929,0.27783690351380463,13649.193,-0.03210899,-22.10788388097655,30.679413997775875,1.9032463,0.17694265,9.521436,0.79941714,2.136561393737793,22.17514002672454,30
6.428762674331665,1.4915644619250867,0.43589783650657743,1.8174388408660889,-1.330597969641339,-112.25425248753008,0.6763291449592405,-0.090153046,0.5725748249695516,13605.449,0.0034512237,-13.97358114830246,34.46658378883104,5.727419,0.4261074,9.518226,0.79904604,1.895324945449829,31.422314469951658,25
8.595386266708374,1.66904294521205,0.444333357477651,2.0982167720794678,-0.7726705103646723,-83.31467516116427,0.6417594310011605,0.014588477,0.2271279207111494,13610.134,0.07326843,-30.41694809050076,29.69432012354769,1.399251,0.13920839,9.51857,0.7990432,2.1631853580474854,31.880599039713882,26
