MaxKL,TotalExecTime,LossBefore,MeanKL,StdReturn,NumTrajs,MinForwardProgress,LossAfter,MaxReturn,ItrTime,StdForwardProgress,Time,ExplainedVariance,Entropy,MinReturn,AverageForwardProgress,MaxForwardProgress,AveragePolicyStd,AverageReturn,Perplexity
4.697062,1.9497296810150146,-0.011549827,0.69815004,18.32700482416042,23,-1.4169466477744077,-0.14919749,158.43373024635468,2.2896265983581543,0.5275000511327865,2.289626121520996,0.8745908831033772,9.522982,72.14003112239044,-0.45131462091261176,0.6366946674858941,0.7996021,137.43586030435586,13670.311
0.2916404,1.9170427322387695,0.020209033,0.037720095,10.142700113879327,23,-0.7649651110681978,-0.010319532,161.34767120964247,2.1205482482910156,0.39455445204019146,4.411972522735596,0.9605223338875164,9.520673,127.67750224588198,-0.04176063270801428,0.43675656440251837,0.7992346,145.7712549574995,13638.784
0.6667397,1.98410964012146,-0.02960152,0.09109577,8.94728431904023,23,-0.7530473021224611,-0.077726014,157.73777054578213,2.0753190517425537,0.323424623426187,6.490030288696289,0.9551874189849967,9.522692,128.20314400680363,-0.16092929371883485,0.4655315048743543,0.7994518,144.5352224283372,13666.348
1.7689986,2.0751285552978516,-0.0023100812,0.18058611,14.11400651771107,23,-1.037106642714294,-0.079506196,164.20038584993742,2.145291566848755,0.398046864652574,8.638348579406738,0.9354539115234196,9.519733,98.89783001652654,-0.1656883512716234,0.6551763666414838,0.79916906,146.93421773541135,13625.979
