NumTrajs,LossBefore,LossAfter,TotalExecTime,Perplexity,MaxKL,Entropy,StdReturn,AverageReturn,ExplainedVariance,Time,AveragePolicyStd,MeanKL,ItrTime,MinReturn,MaxReturn
53,-0.0036549165,-0.06281947,0.56990647315979,4.2713866,0.33413088,1.4519385,3.377382896415263,-8.20345801235714,0.6862591033262659,0.8439154624938965,0.50105613,0.31137413,0.8439176082611084,-11.176509809267717,-0.1316819786486851
84,-0.008225228,-0.023677986,0.6480593681335449,4.2682657,0.043125153,1.4512076,2.864750093753432,-3.694671373676966,0.2036715134681617,1.6302673816680908,0.5007553,0.040059082,0.7847967147827148,-8.400789098695048,-0.004231715409498923
90,-0.022185966,-0.027614396,0.7449331283569336,4.264756,0.015628159,1.450385,2.4751159457518717,-3.284997800466646,0.16032963462144023,2.421785831451416,0.50054264,0.013825396,0.7898881435394287,-7.773185088225495,-0.002371913506356258
106,-0.049182154,-0.056947075,0.7472019195556641,4.255304,0.021015406,1.4481661,2.193286395041835,-2.6512760231400168,0.09082840773015632,3.2182300090789795,0.4999375,0.018914852,0.7939372062683105,-7.429713285357669,-0.031570761791237495
107,-0.04419651,-0.048850667,0.6840686798095703,4.2344265,0.012317777,1.4432479,2.173099572570607,-2.5252218796960744,0.10668292157013681,3.939932107925415,0.49868166,0.011496285,0.7192010879516602,-6.984713040245132,-0.00016391185730284274
