ItrTime,ExplainedVariance,MeanKL,LossAfter,MaxKL,MinReturn,NumTrajs,StdReturn,TotalExecTime,AveragePolicyStd,MaxReturn,AverageReturn,Time,LossBefore,Entropy,Perplexity
0.8842720985412598,0.9988319061734516,16.863117,-1.0284795,22.388868,-46.47429638242519,43,0.5406983914096368,0.5617618560791016,0.5113537,-43.93240011735847,-44.92483176024134,0.8842666149139404,0.0086103575,1.4935642,4.4529386
0.8068461418151855,0.3751400959738256,0.4978482,-0.06791928,0.55770755,-10.433035168551203,63,3.109574871455691,0.6693010330200195,0.51347804,-0.7922257998957144,-6.676523591594653,1.6937682628631592,-0.019922767,1.5021745,4.491445
0.673553466796875,0.09919966557802784,0.8786666,-0.09546511,1.0087328,-7.253921554136229,105,1.943370518856319,0.6435260772705078,0.5109179,-0.6254127245118705,-2.9546551837261834,2.3688864707946777,-0.014677365,1.4922129,4.446925
0.6879007816314697,0.1575697241117231,1.1008942,-0.13893971,1.4410683,-8.998341753136112,92,2.6034771824909093,0.6487348079681396,0.5092441,-0.6294043403061846,-3.8449664048558314,3.0584678649902344,-0.034130167,1.4848745,4.4144115
0.6946954727172852,0.10223418071253398,0.67963904,-0.10697194,0.7916851,-7.557999642975795,108,2.0653578648056863,0.6508753299713135,0.5049704,-0.6515639288884848,-2.9537884008516184,3.755554437637329,-0.047333527,1.4678096,4.339719
