NumTrajs,AveragePolicyStd,AverageForwardProgress,ItrTime,LossBefore,LossAfter,Perplexity,MinReturn,StdForwardProgress,ExplainedVariance,StdReturn,Time,MinForwardProgress,MaxForwardProgress,MeanKL,Entropy,TotalExecTime,MaxKL,AverageReturn,MaxReturn
24,0.79670346,0.2045971608093402,2.6226413249969482,-0.018328695,-0.1400533,13061.518,75.04291578300503,0.4722967612030973,0.8282161571907133,18.275286965051414,2.62263822555542,-0.6727553816701273,1.1360903411574732,0.90377945,9.477426,2.1890294551849365,11.423017,111.31308346726394,143.85074204730796
23,0.7963153,0.12552579671214908,2.2965762615203857,0.041812133,0.002064554,13013.747,60.97258343587369,0.5112116538886097,0.8751654155494906,17.009357145952734,4.921963214874268,-0.8052254794101655,1.46505960020273,0.06622376,9.473762,2.103062868118286,0.7301593,113.60715621825264,144.50146383392308
23,0.7967067,0.08648884191933144,2.1540958881378174,-0.048054013,-0.09670243,13068.2705,77.16583168242387,0.29778184644160804,0.8864561128523211,14.126530365871497,7.077901363372803,-0.8000484388882318,0.5844253318454298,0.12687238,9.477942,2.0546183586120605,0.765034,115.84815051470747,132.43733334493461
23,0.7961706,0.36823821391542055,2.0556862354278564,0.017087296,-0.022721373,13005.621,87.02877869272693,0.4384937679607569,0.9007495765155489,15.168125982404494,9.136546850204468,-0.49060508930041846,1.2310605924537659,0.08522269,9.473137,1.9824182987213135,0.62879026,124.01418760443649,144.1068758135362
