AverageReturn,StdReturn,Entropy,MinForwardProgress,MeanKL,StdForwardProgress,LossAfter,TotalExecTime,MaxForwardProgress,AveragePolicyStd,Perplexity,NumTrajs,ExplainedVariance,LossBefore,ItrTime,MinReturn,AverageForwardProgress,Time,MaxReturn,MaxKL
-55.24893142938417,27.00977988380619,9.522982,-1.4169466477744077,1.6269104,0.5275000511327865,-0.14140716,2.010145902633667,0.6366946674858941,0.7996021,13670.311,23,0.5158038016936106,-0.006211404,2.33426570892334,-106.03080190759516,-0.4513146209126118,2.3342649936676025,-0.29988516753400213,21.11658
-10.542700778627445,33.01510109858294,9.52174,-0.9617935563643181,0.17212553,0.7445423203202911,0.01630263,2.0981647968292236,1.8426411265842617,0.79941934,13653.347,25,0.42076050076769367,0.05639208,2.263911485671997,-80.4921500631873,0.48413407821434506,4.599993944168091,53.31680784858349,1.8670307
-3.0516117668131457,24.255101151940504,9.527378,-0.568733055759144,0.19857882,0.6106655952206359,-0.06908828,2.126443386077881,2.3593749237403756,0.7999826,13730.544,24,0.4556238733163732,-0.004837793,2.212595224380493,-62.162943764237234,0.6767259385891181,6.814551591873169,38.30557767593571,2.0948236
2.761276220521383,45.007678768755895,9.526895,-2.30844584222583,0.24284475,0.9411852051859171,-0.06847265,2.1163644790649414,2.389782112091906,0.79993165,13723.906,25,0.4579123522411386,-0.008182852,2.1886751651763916,-149.09949489492897,0.7232396585760691,9.009129762649536,72.49656320231531,3.086616
