StdReturn,AveragePolicyStd,MinReturn,MeanKL,MinForwardProgress,MaxReturn,NumTrajs,Perplexity,MaxKL,LossBefore,ExplainedVariance,AverageReturn,Time,ItrTime,StdForwardProgress,MaxForwardProgress,TotalExecTime,AverageForwardProgress,Entropy,LossAfter
26.819387855366937,0.71966887,-56.763417256849515,1.7143426,-1.0688786031629616,39.97887465641805,23,5849.4937,10.761972,-0.0003919253,0.3280233998555182,-1.7535200493876075,4.107988357543945,4.107993125915527,0.7040340191132199,1.7223672802992884,3.5313425064086914,0.13603719885716095,8.67411,-0.19427449
14.452664300841782,0.7196893,-5.9148595710156755,0.4492523,-0.06455908151156779,45.0922068065191,23,5849.0254,2.2387636,-0.009148533,0.42803292041379626,18.386721553455413,7.642159938812256,3.5300822257995605,0.29064472737261104,0.9680141162199909,3.340285539627075,0.438059723786487,8.67403,-0.09006364
15.857042855119857,0.71958214,-6.820669454616591,0.4252322,0.021394645150630165,56.603919595957635,24,5843.678,3.9660408,0.0030249802,0.6760182259168401,33.50734015765611,10.14757490158081,2.503472089767456,0.3658717400717712,1.737606123907392,2.4054579734802246,0.8842537567752947,8.673116,-0.080079645
29.134585522047356,0.7195994,-17.03220796825521,0.27739862,-0.27982542382663284,110.45881038602607,23,5845.4395,3.209681,0.01659591,0.6526463341575188,58.99035438552597,12.93405270576477,2.7827305793762207,0.643473872523219,2.5321160775964664,2.6644303798675537,1.3681642620681083,8.673417,-0.060894325
