NumTrajs,MaxReturn,ItrTime,Time,AveragePolicyStd,Entropy,MinReturn,StdReturn,MeanKL,AverageReturn,LossAfter,TotalExecTime,Perplexity,MaxKL,LossBefore,ExplainedVariance
43,-53.294275474982925,0.8512885570526123,0.8512873649597168,0.50105613,1.4519385,-55.173064068202876,0.43128502247955386,1.3901509,-54.43183752237534,-0.28399143,0.5740706920623779,4.2713866,1.4677017,-0.006868218,0.9993601024185399
43,-46.3915717003773,0.738976240158081,1.5918123722076416,0.50074834,1.4505645,-48.45104276119765,0.4095311616087943,0.3508957,-47.192013437703565,-0.11802359,0.5748319625854492,4.2655215,0.37334156,0.021955144,0.99912268999796
42,-42.819764672682965,0.9117295742034912,2.5050530433654785,0.5012738,1.4527605,-44.542871233879055,0.39271646591164383,0.38394323,-43.71289672171361,-0.17063822,0.8524532318115234,4.274899,0.41080436,-0.017395863,0.9991738933944113
43,-38.79424552133149,0.5877525806427002,3.0955374240875244,0.50083476,1.4510204,-40.823903252799155,0.47320981353136354,0.41100624,-40.07190896857781,-0.1508647,0.5472979545593262,4.2674665,0.43787017,0.014580486,0.998743830383407
43,-35.30223315503371,0.6105647087097168,3.708625078201294,0.50119925,1.4524786,-37.18027764365867,0.47286668948415733,0.38367248,-36.1762055981816,-0.15016359,0.5650556087493896,4.2736945,0.408194,0.0051764147,0.9986019802785868
