AverageReturn,StdForwardProgress,AverageForwardProgress,MeanKL,Entropy,NumTrajs,MaxKL,Time,StdReturn,MinReturn,TotalExecTime,ItrTime,MaxForwardProgress,MinForwardProgress,MaxReturn,LossAfter,AveragePolicyStd,ExplainedVariance,Perplexity,LossBefore
-34.386477383623124,0.47229676120309727,0.20459716080934023,0.76883537,9.477426,24,8.023454,2.5069658756256104,23.656466079055505,-79.6756433172329,2.1757102012634277,2.506967544555664,1.1360903411574732,-0.6727553816701273,11.436936818549697,-0.09966599,0.79670346,0.41316330588010497,13061.518,0.013619241
-43.87807877445311,0.5152718484708108,0.03291382107735458,0.13932778,9.480149,23,1.0289204,4.778031349182129,25.868617632009315,-108.15954355466451,2.098605155944824,2.269237518310547,1.095979527430623,-1.2370085593783147,9.067860055742232,-0.013865808,0.79687476,0.5339798105468603,13097.142,0.040508397
-40.32569003536005,0.38654147509248654,0.0956662336028491,0.11390618,9.4842005,23,1.1396141,6.986605167388916,19.38781146160746,-85.23895370592268,2.08252215385437,2.2065975666046143,0.5812915575980795,-0.7994680922194424,-15.500252859061986,-0.069403075,0.79735434,0.5428398161157292,13150.309,-0.015351881
-28.08449878862143,0.51919940580233,0.34175461609026797,0.0881913,9.482666,23,0.82722825,9.19125509262085,26.13947387554462,-95.10793430246277,2.084275960922241,2.1997268199920654,1.2959722758029821,-0.9909008469354419,19.55253154345884,-0.02468835,0.7972144,0.5002849794095097,13130.1455,0.017009756
