Perplexity,MaxKL,TotalExecTime,ExplainedVariance,Entropy,MinReturn,MaxReturn,AveragePolicyStd,LossBefore,Time,StdReturn,AverageReturn,ItrTime,NumTrajs,LossAfter,MeanKL
2.5998726,36.063717,0.5416762828826904,0.9995968412274477,0.95546246,-54.474224419646426,-53.16241010004665,0.39017677,-0.0091014225,0.818157434463501,0.32548692101480237,-53.91521608653467,0.8181614875793457,42,-1.4647205,35.71838
2.5951447,12.251339,0.5650632381439209,0.9960162829242563,0.95364225,-22.161919093006382,-20.289950216080882,0.38981926,0.009431706,1.5202181339263916,0.4112982532728021,-21.162863974148262,0.6996645927429199,43,-0.8140864,11.338437
2.597593,0.321136,0.6669530868530273,0.11413258026920836,0.95458525,-6.000442585437163,-1.0172940929020675,0.39000565,-0.06119082,2.2666897773742676,1.0470974900690901,-2.1277349897086335,0.7450113296508789,157,-0.08242976,0.2958395
2.581747,0.8656194,0.6552944183349609,0.073378660904305,0.9484663,-6.234159407070737,-1.0146846218269958,0.3888182,-0.07355704,2.9804301261901855,1.135595192401755,-2.0630516878572713,0.7114365100860596,166,-0.12683906,0.7677662
2.562826,1.1948507,0.582521915435791,0.08553409049913474,0.94111055,-7.018660099432366,-1.0166060938791546,0.3873881,-0.0010737223,3.6129097938537598,1.7517310042161052,-2.6734653951478675,0.6299517154693604,128,-0.072038084,1.0953809
