TotalExecTime,Perplexity,MaxForwardProgress,MaxReturn,ExplainedVariance,LossBefore,MinForwardProgress,LossAfter,Entropy,NumTrajs,AveragePolicyStd,AverageReturn,ItrTime,MinReturn,StdReturn,AverageForwardProgress,Time,StdForwardProgress,MaxKL,MeanKL
1.9538240432739258,7477.622,1.0859500827309039,52.621050015481195,0.3435406695035298,0.025160655,-0.7922484056943877,-0.10554183,8.91967,23,0.743062,5.018434258098345,2.2650556564331055,-42.55167907022046,23.946342983211135,0.14979667993884813,2.265057325363159,0.47924181222025086,6.6902957,0.8504996
1.8108582496643066,7515.3696,1.0266062634907098,49.43063409004029,0.402985462626275,0.02637621,-1.2284073269098417,-0.068104975,8.9247055,24,0.7435604,-6.9719155147551275,2.0076167583465576,-64.21366835846459,25.873307924165825,-0.08322871989803939,4.274427652359009,0.5245683751090328,3.3961585,0.36763808
1.7789127826690674,7535.206,1.1654477103036671,50.688015352139814,0.45198232161443086,-0.030600347,-0.5770367194972142,-0.107054256,8.927341,23,0.74376965,7.943266154045055,1.849642038345337,-31.667122106155144,20.173545940386592,0.22068723491836748,6.126850843429565,0.4201294742327239,2.8094187,0.4093148
2.008336067199707,7512.188,2.077668039956083,92.86982311602304,0.5858537636867093,-0.02026399,-0.7300224707692399,-0.08684581,8.924282,23,0.74349856,37.88411906946144,2.0857913494110107,-39.20720309252713,34.94289893494462,0.9161548750560966,8.21533727645874,0.7047727446839265,1.4574668,0.21800408
