MinReturn,StdReturn,MaxForwardProgress,MaxReturn,MinForwardProgress,AverageForwardProgress,StdForwardProgress,Perplexity,NumTrajs,AverageReturn,Time,TotalExecTime,MaxKL,Entropy,AveragePolicyStd,MeanKL,LossAfter,ExplainedVariance,ItrTime,LossBefore
-154.7023200627792,23.831653593751692,0.9819629252822699,-69.72941897316579,-0.7473400635947757,0.07900641506243837,0.47428536716028785,47315.227,23,-114.2881008273777,2.73250675201416,2.407745599746704,0.26446524,10.764587,0.9299692,0.038042378,-0.06335937,0.741123153203973,2.7325081825256348,-0.021354768
-139.34712304059667,25.87360706964905,1.698161168443282,-33.906347305150284,-0.4183941986764816,0.6746764944369129,0.5147592281452413,47113.457,23,-84.31504367069418,5.199038028717041,2.173703908920288,0.16062477,10.760314,0.9294631,0.016073752,-0.05028132,0.6126817073831566,2.4638471603393555,-0.024674417
-160.25861805138555,47.70202082273072,3.3111837655582925,26.706574130929514,-0.8156820272140356,0.8634464882886007,0.9608310287414106,46997.367,24,-74.49328676661158,7.569963216781616,2.2874412536621094,0.33095562,10.757847,0.9291645,0.028903777,0.0033350792,0.41689634397394015,2.3677713871002197,0.03443983
-133.54021777225822,32.68676427986566,1.9263913672395439,-22.622608901395648,-0.29532656560537635,0.8506244770534547,0.660665049251591,47159.535,23,-75.91376315385452,9.778944253921509,2.1247057914733887,0.5356438,10.7612915,0.9295672,0.032968797,0.027890759,0.4877107221676311,2.203529119491577,0.06201623
