MaxKL,LossBefore,MaxReturn,AveragePolicyStd,LossAfter,TotalExecTime,NumTrajs,AverageReturn,ItrTime,StdReturn,Perplexity,MeanKL,ExplainedVariance,Entropy,Time,MinReturn
42.84486,0.012289682,-48.74941380985044,0.3504143,-1.5797979,1.438176155090332,43,-49.45636058763883,1.8979156017303467,0.37088997447348415,2.096413,42.25892,0.9994628372183025,0.7402277,1.897911548614502,-50.44196020799502
11.355374,-0.010993675,-16.272058254289348,0.35084087,-0.761064,1.0088744163513184,43,-16.855254720466462,1.242236614227295,0.314913678474035,2.1015723,10.792465,0.9959625044811518,0.7426858,3.1426608562469482,-17.60867595663404
0.14450061,-0.052324485,-0.907467283081197,0.3506446,-0.06264228,1.5697154998779297,176,-1.7735733084340877,1.6601924896240234,0.9184473038929977,2.099263,0.14206375,0.08940953037843591,0.7415863,4.806344270706177,-5.616502616384121
1.5966918,-0.015944703,-0.9295276533993841,0.34972376,-0.11207063,1.452880620956421,142,-2.235316565330596,1.552685022354126,1.245382919640901,2.0883071,1.4879624,0.07109634202757276,0.7363538,6.361798524856567,-6.457003148603327
0.57985437,-0.053996164,-0.9224472258493877,0.3494488,-0.08994506,1.3863868713378906,126,-2.4091178609186836,1.5092048645019531,1.3647914062683402,2.0849802,0.5365107,0.08915779890200382,0.73475933,7.874387502670288,-6.248586703359838
