ItrTime,LossAfter,MaxReturn,ExplainedVariance,Entropy,StdReturn,TotalExecTime,MaxKL,MeanKL,Time,AverageReturn,AveragePolicyStd,Perplexity,MinReturn,NumTrajs,LossBefore
1.8068678379058838,-0.29225168,-12.419288703873006,0.9916647219728337,1.2064122,0.3909442908993581,1.3323330879211426,1.5298854,1.3461349,1.806861400604248,-13.082334737514586,0.44232267,3.3414745,-14.328906290798157,43,-0.0035873165
1.562654733657837,-0.0225982,-0.007627802202380591,0.22283488780307492,1.2056946,2.6019703481954863,1.2909843921661377,0.06100166,0.055221137,3.374950885772705,-3.626662218731004,0.44216812,3.3390775,-7.529928946254118,84,-0.0010233568
1.3831782341003418,-0.043485813,-0.0038834066244168406,0.1590931839253208,1.2055923,2.366459987304085,1.319230079650879,0.024023473,0.020395007,4.761715888977051,-2.6809598992622554,0.44214624,3.338736,-7.334525851456119,101,-0.03466564
1.2544832229614258,-0.03887048,-0.0032338567971847334,0.06660098945607051,1.2021258,1.8565362382247146,1.1906895637512207,0.044031084,0.036568586,6.021494626998901,-2.1099081597967646,0.44138813,3.3271823,-7.003590891249474,117,-0.022130731
1.3894729614257812,-0.048759967,-0.004964392831465809,0.06114894941552529,1.1999129,1.5745275746764902,1.2970328330993652,0.012649238,0.010945342,7.416152238845825,-1.7530886381816748,0.44090396,3.3198278,-5.9397253134783545,133,-0.043572646
