MinReturn,AverageForwardProgress,LossAfter,Entropy,Perplexity,MeanKL,Time,MaxKL,LossBefore,NumTrajs,MaxForwardProgress,StdForwardProgress,MinForwardProgress,TotalExecTime,AveragePolicyStd,StdReturn,ExplainedVariance,ItrTime,MaxReturn,AverageReturn
70.80845841641462,0.14351237476308193,-0.112635806,8.91967,7477.622,0.483027,2.3833909034729004,4.256486,-0.0014462546,23,1.0859500827309039,0.4750005483569421,-0.7922484056943877,2.0716404914855957,0.743062,17.378722936958802,0.7954286659020768,2.383392333984375,136.84279171946488,108.45517229057567
57.11509307611147,-0.1803907082242366,-0.060139902,8.919381,7475.4614,0.14540872,4.5157530307769775,0.9139523,-0.013672777,23,0.40922802946601133,0.3223400965269112,-0.9421520928772673,1.9642689228057861,0.743034,17.038060321532246,0.8217921001585826,2.1305055618286133,132.30208936418538,103.35943243197467
53.57800957156556,-0.09857076284209257,-0.02737217,8.918015,7465.2524,0.13061209,6.515604734420776,1.189616,0.01835359,23,0.8235263091481403,0.4270937732462837,-1.2830616449170467,1.9193367958068848,0.74291444,19.14296949241367,0.8275983228480752,1.9977612495422363,141.17459760748218,108.49192595656737
27.780028511638992,0.025444901346923888,-0.06264409,8.919851,7478.977,0.138242,8.525745630264282,0.96452934,-0.015549034,24,1.2908239892524356,0.4428087207657774,-0.7444859688751784,1.9357943534851074,0.7431303,22.402153984620963,0.8106267571047873,2.0050923824310303,135.97438358562883,106.15795533616385
