Entropy,LossAfter,MaxReturn,MaxKL,ItrTime,Time,NumTrajs,TotalExecTime,AverageReturn,MinReturn,AveragePolicyStd,StdReturn,MeanKL,ExplainedVariance,Perplexity,LossBefore
1.4519385,-0.029151084,-0.5793208474292112,0.18040335,0.9759774208068848,0.9759767055511475,48,0.6639194488525391,-10.186160631049182,-12.280428012045574,0.50105613,2.6542165892404865,0.1682165,0.8119140346106176,4.2713866,0.0026987726
1.4524782,-0.009397513,-0.297356116207828,0.079556406,0.7732224464416504,1.7507147789001465,58,0.6416306495666504,-6.84239695853422,-9.779571023590215,0.5010956,3.0619960011489193,0.075054005,0.4761224807642672,4.273692,0.01987065
1.4544653,-0.048822984,-0.0036711295552428872,0.049070537,0.6773805618286133,2.429558753967285,76,0.6399765014648438,-4.486485349240664,-9.183267618004988,0.50158405,3.0855707770138916,0.044932146,0.25688923222910287,4.282193,-0.031672586
1.4512979,-0.037020527,-0.0032543898001632207,0.032794297,0.6811423301696777,3.1132142543792725,80,0.6439061164855957,-3.9474158058919357,-8.026649605187348,0.50074935,2.88049858694139,0.030035198,0.30664468192431826,4.268651,-0.025255797
1.4487723,-0.031104546,-0.005546232389641786,0.039005756,0.9429507255554199,4.059330701828003,98,0.8749287128448486,-2.9775213191585364,-7.46283730273688,0.5000665,2.303894921853542,0.03648384,0.15028539614971537,4.257884,-0.016899172
