ExplainedVariance,LossAfter,AveragePolicyStd,StdReturn,AverageReturn,Entropy,Time,MeanKL,MaxKL,LossBefore,Perplexity,MinReturn,MaxReturn,NumTrajs,ItrTime,TotalExecTime
0.9991065712840033,-1.6013986,0.3504143,0.328921336705202,-35.07317694729591,0.7402277,1.851569414138794,43.9614,44.706375,-0.0050937193,2.096413,-35.71330000812943,-34.248557408187644,43,1.8515760898590088,1.3473789691925049
0.024870127640724604,-0.14042632,0.3502373,1.0554669354594768,-1.50281847686845,0.7392091,3.6071789264678955,1.0859712,1.1509378,-0.06374076,2.0942786,-5.406502980859059,-0.36786424298036563,155,1.748678207397461,1.32366943359375
0.03291754945873493,-0.1910477,0.3491304,1.1984707958993683,-1.7149224587607375,0.7328348,5.133455753326416,2.5195282,2.664072,-0.025624106,2.0809715,-5.53040354314425,-0.38604359689589635,147,1.5233805179595947,1.441420078277588
0.165236947287843,-0.18608092,0.34867978,2.2653501750972964,-3.2367463096425184,0.73027235,6.0775511264801025,2.6301467,2.8023934,-0.0100629525,2.075646,-7.393663792574179,-0.40800870630153924,87,0.9414496421813965,0.8557429313659668
0.03482210313159417,-0.05158832,0.3485,1.3523360718020039,-1.8439270825517178,0.7292661,7.162381887435913,0.2984205,0.32564783,-0.031261962,2.0735583,-5.895073772086931,-0.36549530023939775,134,1.0817720890045166,1.0227091312408447
