MinReturn,MaxKL,StdReturn,MaxReturn,Time,Entropy,MeanKL,TotalExecTime,LossAfter,ExplainedVariance,AveragePolicyStd,NumTrajs,ItrTime,AverageReturn,Perplexity,LossBefore
-48.84174338113354,0.8635602,0.49182000491461536,-46.54768679351983,1.1390197277069092,1.4935642,0.73538077,0.7871315479278564,-0.20849948,0.9989195115665301,0.5113537,43,1.139021635055542,-47.4004952265053,4.4529386,-0.0025791079
-41.645876733099236,0.23114759,0.5223245258979285,-39.51817111479318,1.8266067504882812,1.4930481,0.20698366,0.5486090183258057,-0.09790756,0.998493953009103,0.51123995,43,0.6860249042510986,-40.586321820759416,4.4506407,0.014546543
-38.403201829196824,0.25341272,0.536215982453115,-35.83067155475737,2.5089807510375977,1.494503,0.22609612,0.6438641548156738,-0.13138218,0.9982271516725681,0.5115952,43,0.6805543899536133,-37.35247485511764,4.457121,-0.009117576
-35.04722628342369,0.252958,0.6294775291564083,-32.288866003347444,3.1335439682006836,1.4935913,0.22430237,0.5792162418365479,-0.11933188,0.9970275812123363,0.51135176,43,0.6219117641448975,-33.70449727205298,4.453059,0.00042911264
-31.18446285984173,0.256756,0.5120354176564776,-29.018277170741115,4.089027404785156,1.4936342,0.22377498,0.9116647243499756,-0.124496534,0.9975136004040772,0.51134884,43,0.9528076648712158,-30.235998436807765,4.4532504,-0.004146225
