ItrTime,MeanKL,TotalExecTime,Entropy,AverageReturn,LossBefore,StdForwardProgress,Perplexity,StdReturn,LossAfter,MaxForwardProgress,Time,MinForwardProgress,NumTrajs,AveragePolicyStd,MaxKL,MinReturn,ExplainedVariance,AverageForwardProgress,MaxReturn
2.5202651023864746,2.064887,2.197246789932251,9.522983,-246.61838201246505,0.006669315,0.5272042441183843,13670.323,28.383183835414414,-0.1531641,0.6366946674858941,2.520263671875,-1.4169466477744077,24,0.7996021,28.153517,-295.68275367541,0.8977743113459067,-0.42892202656891487,-194.43409669442698
2.2824344635009766,0.14919573,1.9515721797943115,9.524316,-190.02230319017468,0.009803924,0.7162319217707424,13688.562,45.8275182481371,-0.034860805,1.4733679433974,4.804810523986816,-1.2767780415020058,25,0.79974806,1.2970707,-290.8905719085741,0.7461831930580773,0.49056935304736293,-48.61160925371607
1.9916622638702393,0.28439736,1.9232640266418457,9.525297,-181.8572306971346,0.020567747,0.8167329880910825,13702.001,59.16457357761165,-0.03706061,2.4050854712811343,6.798494815826416,-0.9994814023371834,25,0.79983866,3.1690555,-277.84440745794126,0.7043460449004235,0.6423423378964572,-21.395866794391107
2.13924503326416,0.789518,2.066985845565796,9.527352,-151.27455192978087,0.0119868405,0.9905430015120781,13730.19,59.320218380153804,-0.06065618,2.6305995353438423,8.942688226699829,-1.2126273594865242,25,0.8000637,10.265775,-288.2485693486093,0.5924648923676353,1.1779549564861345,-20.690746692374073
