Entropy,StdReturn,TotalExecTime,MaxKL,MinReturn,MaxReturn,MeanKL,LossBefore,ItrTime,Perplexity,LossAfter,Time,AverageReturn,AveragePolicyStd,NumTrajs,ExplainedVariance
1.4935642,0.46170166437166904,0.6446473598480225,1.0665345,-47.65519136410246,-45.55305071593451,0.9548625,-0.0073622805,0.9381699562072754,4.4529386,-0.24556758,0.9381687641143799,-46.7298321260675,0.5113537,43,0.9990254278705435
1.4920917,0.47119964949212806,0.5397529602050781,0.27419925,-40.55965419175497,-38.503454353589255,0.24734133,0.0006277439,0.710695743560791,4.4463863,-0.121890984,1.650399923324585,-39.560618103234994,0.51101255,43,0.9983258300498881
1.4921547,0.5040655356272964,0.8074097633361816,0.27172396,-37.194038585731406,-34.86413677186314,0.24363185,-0.0048591862,0.84562087059021,4.4466667,-0.12274245,2.4974873065948486,-35.928465567107125,0.51101226,43,0.9981437171294723
1.4916686,0.5568543710465287,0.6435608863830566,0.32420146,-33.7027450559648,-30.947675505082533,0.2886792,-0.003260491,0.6751565933227539,4.444505,-0.14136508,3.1750102043151855,-32.3777100477892,0.5109003,43,0.9973340119580236
1.4913425,0.5658376203659964,0.5768303871154785,0.32406908,-29.723092388761543,-27.497727918935187,0.28948486,0.005797623,0.6283941268920898,4.4430566,-0.13195081,3.805041551589966,-28.5003424654057,0.5108342,43,0.9971560800606349
