ExplainedVariance,AveragePolicyStd,LossAfter,StdForwardProgress,MinReturn,NumTrajs,TotalExecTime,StdReturn,MaxReturn,MeanKL,MinForwardProgress,AverageForwardProgress,LossBefore,Time,Perplexity,MaxForwardProgress,MaxKL,ItrTime,Entropy,AverageReturn
0.6700286091305322,0.79670346,-0.08745731,0.6733531469525275,-152.75248089770267,24,1.8541061878204346,34.92614286304619,20.94741570630692,0.5841914,-0.6727553816701273,0.2720558686881324,0.019406285,2.1934947967529297,13061.518,2.7550993302484854,5.951004,2.1934986114501953,9.477426,-102.6329009729102
0.8462818714732963,0.7970797,-0.0805954,0.3535829432281015,-153.26595584798818,23,2.0264766216278076,17.74745582775057,-84.66524364730655,0.1303488,-0.6970192932140852,0.10091712823912108,-0.03237708,4.392567157745361,13112.326,0.6761187902312797,0.68027776,2.196218490600586,9.481308,-113.08878398245577
0.766905216979882,0.79678977,-0.09265297,0.4583468429403574,-155.4951728213947,23,2.3149173259735107,22.994202693111877,-52.652456844866414,0.17403854,-0.7354039751051432,0.23857533023985542,-0.039512083,6.810882568359375,13069.94,1.3034283306505952,1.5625944,2.416309118270874,9.47807,-106.28491528356703
0.7654268628193733,0.7964038,-0.050028607,0.450254438701283,-143.65527117917162,23,2.2182018756866455,22.305118572302696,-54.22614432113056,0.06634584,-0.508562280568663,0.43080047278577177,-0.01003402,9.106550693511963,13018.39,1.3503519728879179,0.42215317,2.2925753593444824,9.474118,-96.95696952937008
