AverageReturn,Entropy,NumTrajs,MeanKL,MinReturn,LossAfter,Perplexity,LossBefore,StdReturn,TotalExecTime,ItrTime,AveragePolicyStd,ExplainedVariance,MaxKL,Time,MaxReturn
-19.7356240946306,1.171892,43,34.61418,-21.114389103397155,-1.5342752,3.2280946,0.0024519714,0.4558507413242542,0.8791482448577881,1.1945343017578125,0.4348612,0.9958170481651952,35.41781,1.1945297718048096,-18.87664338897377
-16.3989369274432,1.1723824,43,7.0902457,-17.210194710634855,-0.63576007,3.2296777,-0.03443651,0.3623330430189941,0.664384126663208,0.8000385761260986,0.4349683,0.9954597303611249,7.231419,1.9965898990631104,-15.514567789833949
-1.6250427987924663,1.1689394,131,0.25895715,-5.851063255824399,-0.105266154,3.2185771,-0.08125188,1.3929241301922628,0.6663439273834229,0.7171769142150879,0.43421653,0.03508089641061796,0.26574445,2.7154314517974854,-0.0923013543851154
-1.9096438220567862,1.160814,128,0.19628938,-6.321081914574582,-0.054645404,3.192531,-0.036853388,1.6733457377648655,0.8792903423309326,0.9261643886566162,0.4324655,0.053694473143566235,0.20205611,3.643150806427002,-0.0906243349853787
-1.3508941807595523,1.1571286,156,0.16539472,-5.327531986782207,-0.058768388,3.1807868,-0.044950586,1.2465783327330415,0.6495082378387451,0.7138760089874268,0.43166557,0.023609429619895983,0.17100477,4.359592914581299,-0.09296424698903936
