MeanKL,Perplexity,AverageReturn,TotalExecTime,LossAfter,AveragePolicyStd,StdReturn,MaxKL,ExplainedVariance,MinReturn,Entropy,LossBefore,MaxReturn,Time,ItrTime,NumTrajs
867.8022,2.096413,-46.91212236464705,0.6392402648925781,-7.6701436,0.3504143,0.3860290208057631,908.961,0.9994498699829872,-48.135595298215264,0.7402277,0.023749353,-46.25399543043472,0.9629719257354736,0.9629735946655273,43
223.44083,2.1467972,-188.55539809088842,0.6570796966552734,-3.681062,0.35458487,1.6217708223075067,264.77438,0.9993753530761869,-191.6386464573548,0.76397705,-0.006716387,-185.25574258751342,1.7594249248504639,0.7949059009552002,43
186.06754,2.1395996,-44.2409350897873,0.6396563053131104,-3.008518,0.3539846,0.25111355160692056,456.85767,0.9996825179471807,-44.89403945579479,0.76061875,0.006518168,-43.752508207320815,2.440110683441162,0.6787045001983643,43
258.10715,2.1465843,-22.318068878093925,0.6403512954711914,-3.5980704,0.35457915,0.2386574362327321,296.3558,0.9989398198589565,-22.926369873478798,0.76387787,-0.010554316,-21.835631085112215,3.1237127780914307,0.6811180114746094,43
114.40327,2.135286,-37.29651928020889,0.6481513977050781,-2.6501176,0.35365447,0.4129028717059311,185.80807,0.9988796940163605,-38.24688427389996,0.75860065,-0.04213738,-36.627244223837344,3.8259260654449463,0.6997013092041016,43
