LossAfter,ItrTime,Perplexity,ExplainedVariance,AverageReturn,MinReturn,MeanKL,MaxKL,MaxReturn,NumTrajs,Time,TotalExecTime,StdReturn,Entropy,LossBefore,AveragePolicyStd
-0.3360841,1.1757235527038574,3.2280946,0.9019099624187601,-10.86653967523079,-12.916569764262764,7.701676,7.8541784,-0.0034059102723415957,47,1.1757187843322754,0.8511412143707275,2.9069335963299303,1.171892,0.023908164,0.4348612
-0.08149731,1.033001184463501,3.2435677,0.34696435382381674,-5.092936237840901,-9.113070730140567,0.9175712,0.94142425,-0.0032328847766469634,71,2.2111148834228516,0.8832035064697266,3.1572156745096094,1.1766739,0.0041531883,0.4359312
-0.05556528,0.8142304420471191,3.2449155,0.044768459299196706,-1.528518600531265,-5.527435784768208,0.043557744,0.04441017,-0.0034161063796452596,140,3.027057409286499,0.7500028610229492,1.4379798806682929,1.1770893,-0.051128894,0.43601942
-0.089228116,0.8421328067779541,3.228366,0.02884297295837157,-1.3036395335351902,-5.6603796041648335,0.28146073,0.28787506,-0.0032375255197640744,174,3.8721330165863037,0.7740015983581543,1.3624526753690438,1.1719761,-0.06266307,0.43492395
-0.052993838,0.8867011070251465,3.2082002,0.025729557364777222,-1.379049230561397,-5.502051888654469,0.1138395,0.11776894,-0.0032916012604376032,160,4.761370897293091,0.7930958271026611,1.392338296764678,1.1657101,-0.042066038,0.43355718
