ExplainedVariance,StdReturn,LossBefore,MaxReturn,Entropy,AveragePolicyStd,MaxKL,ItrTime,MeanKL,LossAfter,AverageReturn,TotalExecTime,NumTrajs,Time,MinReturn,Perplexity
0.9993738368117348,0.41176451309204937,0.010922056,-47.20755041324948,0.95546263,0.39017677,40.40368,0.9378030300140381,39.977978,-1.6256206,-47.99095678936895,0.6429100036621094,43,0.9377994537353516,-49.32170633834616,2.599873
0.9738286059516867,1.6955574511260543,-0.004990686,-1.2891504054085183,0.95764697,0.39060432,2.728006,0.7723259925842285,2.633837,-0.19799992,-12.18900239895265,0.6393957138061523,44,1.711787462234497,-13.322369187198165,2.6055584
0.05153179593432933,1.2858447163700426,-0.06327821,-0.6260442148901473,0.9571477,0.39050922,0.97271997,0.7100479602813721,0.9192284,-0.1294338,-2.00063405137465,0.6491222381591797,135,2.4232959747314453,-5.957628782878355,2.6042578
0.07809215168034,2.0438971990828416,-0.011325541,-0.6260694294259026,0.95082,0.3892714,2.4378119,0.7880704402923584,2.336624,-0.1725946,-2.980051603556757,0.7453687191009521,107,3.2161333560943604,-7.703933724162835,2.5878308
0.15272819360224776,2.185967113477803,-0.019012302,-0.629131704590251,0.9496873,0.3890521,0.62565064,0.7977006435394287,0.59619117,-0.061334934,-3.410819057438269,0.766547679901123,91,4.018519163131714,-7.329054532068831,2.5849013
