NumTrajs,StdReturn,MeanKL,StdForwardProgress,MinForwardProgress,MaxForwardProgress,Entropy,MaxReturn,AverageForwardProgress,ItrTime,LossAfter,MinReturn,MaxKL,TotalExecTime,ExplainedVariance,LossBefore,AveragePolicyStd,Perplexity,Time,AverageReturn
23,24.353494589492307,0.83727944,0.4792418122202508,-0.7922484056943877,1.0859500827309039,8.91967,9.80462868643353,0.14979667993884807,2.3142642974853516,-0.10518056,-85.42844566593621,6.6144376,1.836338996887207,0.4733820454610522,0.024772631,0.743062,7477.622,2.3142590522766113,-37.373290243220374
23,19.945362603592187,0.20767868,0.40632537461039364,-0.6348950402696849,0.9716853126472875,8.924626,2.6113435995752603,-0.02067002460895326,2.479233980178833,-0.024697132,-77.55657365589434,1.6839085,2.3081610202789307,0.538218035131989,0.03972269,0.74355793,7514.775,4.796720027923584,-46.72077913615491
24,31.557464403040942,0.28582025,0.6035644757137951,-1.5643332547025643,1.2367661003384864,8.928597,15.802644524832443,0.0904448520106922,2.1751480102539062,-0.121829286,-123.66952185225922,2.664147,2.105985403060913,0.4411142691970159,-0.03696682,0.7439554,7544.6763,6.973804473876953,-39.99415678658371
23,24.01695195151066,0.28139004,0.5008172136822566,-0.6885090434622256,1.5171926795219628,8.924903,30.412022428684583,0.4736313132446619,2.0911545753479004,-0.055442173,-79.67204366804745,2.3516917,2.0169501304626465,0.4699924358516634,0.01783552,0.7436181,7516.8535,9.068015098571777,-22.5450857099477
