ExplainedVariance,LossBefore,MeanKL,StdReturn,MaxKL,Entropy,MinReturn,ItrTime,AveragePolicyStd,Time,MaxReturn,TotalExecTime,LossAfter,Perplexity,NumTrajs,AverageReturn
0.999713646423041,-0.016684456,219.8676,0.2880167556352484,222.9259,0.65543664,-54.712092477250806,0.9098196029663086,0.3358152,0.9098167419433594,-53.487913565963495,0.570479154586792,-3.7699037,1.9259833,43,-54.106251762181444
0.9962505867909336,-0.016127173,77.167145,0.37816915224552716,78.63073,0.65209967,-19.900729700009304,0.9210371971130371,0.33525324,1.8325200080871582,-18.44919003718399,0.7505879402160645,-2.220283,1.9195671,43,-19.31832267385141
0.9979856245113174,-0.0044490458,50.664955,0.2740367361039624,52.92161,0.65048695,-22.358670374566906,0.6032638549804688,0.3349832,2.437486171722412,-21.046372652435885,0.5634338855743408,-1.6651402,1.9164739,43,-21.61968220942905
0.9934031006918056,-0.02365372,64.275635,0.326075822016296,65.89157,0.650042,-13.691557074774312,0.6197905540466309,0.33490866,3.060453414916992,-12.361170549931975,0.5653865337371826,-1.9950055,1.9156213,43,-12.95161827339383
0.9985408233668127,-0.0055961325,53.11686,0.28785996713946305,55.704117,0.6476765,-24.624012521660067,0.6806495189666748,0.33451247,3.7437338829040527,-23.08428561588565,0.6426455974578857,-1.8247545,1.9110953,43,-23.864557232576985
