StdReturn,AverageReturn,Time,MaxReturn,Perplexity,NumTrajs,Entropy,LossBefore,MeanKL,MinReturn,LossAfter,AveragePolicyStd,ExplainedVariance,ItrTime,TotalExecTime,MaxKL
0.452037966919608,-47.48525022499934,1.207108497619629,-46.578660584724844,3.2280946,43,1.171892,0.020913986,31.429342,-48.907874824155385,-1.4019431,0.4348612,0.9992129964931342,1.2071130275726318,0.8600516319274902,31.931812
1.7625676292391586,-13.559101930291051,2.2468109130859375,-2.306323750547763,3.2416263,44,1.1760751,0.0025313604,2.610716,-14.84679258007386,-0.21923038,0.43578362,0.9589404699836349,1.0372872352600098,0.8607316017150879,2.7195854
1.7151082810421754,-2.5164919860222006,3.0410537719726562,-0.6271241671409427,3.2424467,119,1.1763282,-0.042325605,0.6227149,-6.709494287135885,-0.0944673,0.43584564,0.06753504196960192,0.7922670841217041,0.7542035579681396,0.6495982
1.8216770230198234,-2.448879908781209,3.7506511211395264,-0.6269908935448048,3.2287507,120,1.1720953,-0.041506793,0.41729426,-6.707898993397195,-0.07262879,0.43492496,0.0750780559664509,0.7070350646972656,0.6568677425384521,0.4434371
1.4142576858741271,-2.218133204358236,4.7828309535980225,-0.6241061185747192,3.215378,126,1.1679449,-0.049141508,0.0010367521,-6.290613040205174,-0.04961486,0.43402517,0.05660128065327097,1.0290844440460205,0.9636294841766357,0.0016692281
