Entropy,NumTrajs,MaxForwardProgress,MaxReturn,ItrTime,AverageForwardProgress,AveragePolicyStd,MaxKL,StdReturn,Perplexity,ExplainedVariance,MeanKL,AverageReturn,TotalExecTime,LossBefore,StdForwardProgress,LossAfter,MinForwardProgress,Time,MinReturn
8.91967,23,1.0859500827309039,148.87593524961102,2.6353554725646973,0.14351237476308193,0.743062,4.9597287,14.576709202112632,7477.622,0.8861512183677628,0.58704376,126.96908568807022,2.143213987350464,-0.0069726296,0.4750005483569421,-0.13094981,-0.7922484056943877,2.635354518890381,93.85464106953204
8.918278,23,0.9618489751470513,158.320370082044,2.1121981143951416,-0.21088667042532322,0.7429501,1.5836686,16.959849266628698,7467.218,0.8907321285648707,0.20417789,124.34635425897989,1.8825042247772217,-0.014949898,0.49563430803058617,-0.08227673,-0.8168826758803384,4.749395132064819,92.30183559015234
8.916781,23,0.289972091178545,143.8636654057916,2.0852038860321045,-0.23146504068172516,0.7427724,0.6388294,10.157374459042511,7456.0527,0.9481089667279851,0.09704376,127.70047751665668,2.0123753547668457,-0.036626983,0.2629102502567914,-0.078975245,-0.8336885642604528,6.837319374084473,98.24408212271031
8.913119,25,0.40463622314742603,149.61341705966933,2.2461342811584473,-0.24531762805409246,0.7424263,1.8411332,28.08841023136828,7428.798,0.8455963672608624,0.19157441,111.53803262702941,2.138894557952881,-0.0025504322,0.3698119139793652,-0.07190049,-0.9754839625914087,9.086732387542725,33.40443947603652
