MeanKL,NumTrajs,MinReturn,MinForwardProgress,Time,LossAfter,AveragePolicyStd,TotalExecTime,StdReturn,LossBefore,MaxReturn,AverageReturn,ExplainedVariance,ItrTime,StdForwardProgress,Entropy,AverageForwardProgress,Perplexity,MaxKL,MaxForwardProgress
0.08570743,29,-183.51710601060097,-2.762072767272075,2.810264825820923,-0.13568653,1.0,2.316955089569092,52.38178575261835,-0.062292248,41.45520769515868,-40.92284876261911,0.3755693801772,2.810267210006714,1.021923423561736,11.351507,-0.02921727730857251,85093.61,1.0001745,1.6653507940419012
0.08479556,35,-181.6653794389187,-2.2868717365928126,4.9781811237335205,-0.034106143,0.99689627,1.980006217956543,56.40939983175615,0.014945834,71.14323703988126,-36.50938008291171,0.35140941068155374,2.1660404205322266,1.1283780926315095,11.326591,-0.05859680749690456,82999.555,1.2090597,2.620763338375877
0.0396478,36,-123.74057131658476,-1.7051666608340756,7.055098295211792,-0.06097961,0.99727225,2.0006046295166016,38.023931315396844,-0.025311224,46.70789873718587,-25.612426568808914,0.3336641729398474,2.073507785797119,0.8281753380570652,11.329581,0.1278855954427218,83248.16,0.3915683,2.660041119324143
0.034885105,33,-106.42858780568721,-1.4786961292772594,9.033679485321045,-0.08238809,0.9966437,1.8831150531768799,43.79569606835611,-0.039975617,37.787738020449645,-43.679213123068166,0.3874661104844688,1.9755122661590576,0.8148799343991492,11.324517,-0.21189562051402375,82827.65,0.30899757,2.070360700670821
