AverageReturn,MaxKL,Time,MinForwardProgress,Entropy,MaxForwardProgress,AverageForwardProgress,ItrTime,StdReturn,TotalExecTime,AveragePolicyStd,NumTrajs,MeanKL,StdForwardProgress,LossBefore,Perplexity,ExplainedVariance,MaxReturn,LossAfter,MinReturn
-38.03338075686254,0.22979394,2.596759796142578,-0.7473400635947757,10.764587,1.073271210406152,0.14595430981000482,2.5967628955841064,25.009622434928932,2.255615711212158,0.9299692,23,0.034010336,0.50050572881335,-0.010420771,47315.227,0.4599238787997044,8.343460787181035,-0.052537575,-81.62548248230921
-35.38791900935758,0.15555778,5.213941335678101,-1.093457870179076,10.762502,1.6628273160863767,0.2012772275460207,2.615194797515869,34.97678625931835,2.446422815322876,0.9297265,24,0.015297084,0.7163077812618216,-0.013550063,47216.645,0.3005849200095958,29.301491659061767,-0.038690343,-100.688587387061
-7.392420795615696,0.27372056,7.512601137161255,-1.1743356525022994,10.7611475,1.6624372812581814,0.7522239711759813,2.296900749206543,32.22021911045706,2.193451404571533,0.9295629,24,0.014744438,0.6455798411603987,-0.027938554,47152.746,0.29980799710539574,34.82441021609507,-0.052361585,-103.30341614172285
-6.278922115470633,0.18731105,9.680269956588745,-0.22372914885789139,10.758353,1.979589153074909,0.7978163372935826,2.165006637573242,32.29457849038841,2.0674829483032227,0.9292484,23,0.025228705,0.668551127897201,-0.05163147,47021.17,0.3394555045654315,53.577779468125485,-0.08136335,-56.02347719434503
