NumTrajs,Time,TotalExecTime,ExplainedVariance,Entropy,StdReturn,MeanKL,ItrTime,MinReturn,LossAfter,MaxKL,LossBefore,AveragePolicyStd,AverageReturn,MaxReturn,Perplexity
43,1.0075771808624268,0.6521396636962891,0.9988670738200933,0.95546263,0.38277833297685404,36.872105,1.0075798034667969,-35.96483612118566,-1.5094588,37.26088,-0.0035645738,0.39017677,-35.129808760589825,-34.191553874143956,2.599873
143,1.8107991218566895,0.6452417373657227,0.0274077418306371,0.9547498,1.1704237792852652,0.66410667,0.8001751899719238,-5.519826089472714,-0.10858934,0.72993606,-0.059788715,0.39003792,-1.605512875383658,-0.35303695650271977,2.5980206
130,2.4993937015533447,0.6409416198730469,0.052898392413672224,0.94877064,1.388056140453328,0.40940115,0.6870348453521729,-5.974024406049578,-0.071366735,0.43772382,-0.042278994,0.3888728,-1.9603617047965187,-0.3705982232341673,2.582533
156,3.264880895614624,0.6585097312927246,0.030059408985828817,0.9445428,1.1587097737083623,0.34830287,0.762702465057373,-5.112452931338174,-0.08083486,0.3679492,-0.055282526,0.38805172,-1.4898110119960455,-0.37115096333490344,2.5716374
143,4.086789131164551,0.7708022594451904,0.058890928559561684,0.9390145,1.1290035680762163,0.35840708,0.8199570178985596,-5.111815241290034,-0.0767635,0.3925479,-0.050995428,0.38698173,-1.7732206358789644,-0.36887988763428825,2.5574598
