Entropy,Perplexity,AveragePolicyStd,MaxKL,StdReturn,LossBefore,NumTrajs,MaxReturn,AverageReturn,LossAfter,ExplainedVariance,ItrTime,MeanKL,Time,MinReturn,TotalExecTime
0.7402277,2.096413,0.3504143,44.60332,0.3865946894889319,0.012809908,43,-46.25399543043472,-46.95092099551209,-1.7098596,0.9994121261466403,1.1473238468170166,44.304173,1.1473219394683838,-48.135595298215264,0.7486796379089355
0.7427897,2.1017907,0.35086188,12.344919,0.27202705948495515,-0.017305244,43,-12.860975072399608,-13.30629779289495,-0.87188447,0.9959905453092481,1.0169792175292969,11.818975,2.166206121444702,-14.080126577647311,0.8763985633850098
0.7410591,2.0981565,0.35056043,1.5073189,2.405417894806321,-0.015089428,72,-0.6267989863511485,-4.423845907990063,-0.11390937,0.2587082579257336,0.7000727653503418,1.4632784,2.867980480194092,-8.205748601357309,0.6584415435791016
0.73955,2.0949926,0.35030285,0.33627844,0.9510005582439358,-0.10307245,175,-0.6242019770678418,-1.5478802798556204,-0.12630361,0.041977912193835065,0.9084899425506592,0.3214826,3.780468225479126,-5.407608013341877,0.8514301776885986
0.72924274,2.07351,0.34851298,1.6685212,1.014190316656606,-0.033903617,167,-0.6274107638818986,-1.5887918031999488,-0.13718787,0.04343727093411154,1.1664085388183594,1.5466138,4.949352741241455,-5.184954997652332,1.108328104019165
