Entropy,MaxKL,ItrTime,Perplexity,AverageReturn,StdReturn,MeanKL,TotalExecTime,AveragePolicyStd,LossAfter,LossBefore,Time,MinReturn,ExplainedVariance,MaxReturn,NumTrajs
0.5723363,14.614016,1.7288753986358643,1.7724031,-8.703593308570039,1.9665236728654496,14.465248,1.3100764751434326,0.32229263,-0.53728205,0.015841488,1.7288711071014404,-10.275597445507174,0.9096119882278472,-0.3314349567690477,46
0.57550466,1.9752893,1.3985257148742676,1.7780277,-10.867109645812178,1.34804000740068,1.9127448,1.1916446685791016,0.32282072,-0.1571818,-0.014356858,3.1302497386932373,-11.644991607046185,0.954381842138155,-2.335494992553142,43
0.57406896,2.8416247,1.4051237106323242,1.7754767,-1.7462174368953003,1.6717618182513982,2.8242812,1.3185346126556396,0.32259795,-0.21203549,0.0027122863,4.5386271476745605,-5.543808147438413,0.0773183529960173,-0.006642700012272963,125
0.5743402,2.029367,1.422431468963623,1.7759584,-2.0664488395977987,1.669858783401255,1.9967806,1.3283851146697998,0.3226327,-0.16570514,-0.009587359,5.966439247131348,-6.666544250312291,0.07226587993753697,-0.008766336447537132,114
0.57338154,1.0459287,1.3638417720794678,1.7742566,-1.029298174913618,1.0640510745340899,1.0272623,1.2750561237335205,0.3224858,-0.12217572,-0.041299675,7.333301544189453,-4.877710613057337,0.020737122357333937,-0.0016723210803954013,184
