AverageReturn,MeanKL,MinReturn,LossAfter,StdReturn,ExplainedVariance,Entropy,TotalExecTime,MaxKL,NumTrajs,ItrTime,LossBefore,Perplexity,Time,MaxReturn,AveragePolicyStd
-22.957001858490422,34.41906,-24.31909617517959,-1.5086299,0.45840287076335784,0.9968625176872071,1.171892,0.7498023509979248,35.254627,43,1.0411665439605713,0.010084793,3.2280946,1.0411632061004639,-22.11853701507297,0.4348612
-13.04040000218056,6.1746955,-13.86464084491136,-0.5493333,0.4447921462936718,0.9899376186136767,1.1739092,0.8568899631500244,6.2945924,44,1.049891710281372,-0.028882079,3.2346127,2.093578338623047,-11.723386118110994,0.43530208
-1.7370031305788733,0.28279796,-6.131235314262654,-0.046421494,1.448087428845023,0.03227711369113451,1.1710207,1.0549867153167725,0.28908426,138,1.1197588443756104,-0.022195913,3.2252831,3.21525502204895,-0.1642646253044974,0.43466276
-1.6970389674192694,0.013678004,-5.938076666231819,-0.046704736,1.3891631110123228,0.028199290433464808,1.1688012,0.9736368656158447,0.014560163,131,1.0456650257110596,-0.045343973,3.2181325,4.26355504989624,-0.1589969405231489,0.4341759
-1.4934342858552865,0.006631169,-5.404002309274043,-0.045199633,1.177679938441772,0.024742680506307235,1.1642668,0.8642408847808838,0.00702554,146,0.930748701095581,-0.04443084,3.2035732,5.197380065917969,-0.16997481000342718,0.43319458
