LossAfter,AveragePolicyStd,MaxReturn,StdReturn,MaxKL,MinReturn,Time,AverageReturn,MaxForwardProgress,ExplainedVariance,Perplexity,ItrTime,StdForwardProgress,LossBefore,AverageForwardProgress,MeanKL,TotalExecTime,MinForwardProgress,Entropy,NumTrajs
-0.10041108,0.79670346,99.89203193009567,25.47892194592682,8.818142,-10.861984074792385,2.4193015098571777,33.42221664908977,2.7550993302484854,0.458100837027445,13061.518,2.4193031787872314,0.6733531469525275,0.013931371,0.2720558686881324,0.8069764,2.0096523761749268,-0.6727553816701273,9.477426,24
-0.06134864,0.79698145,58.00131056332901,19.952390189732952,0.40804127,-5.797050778223271,4.47207236289978,27.932401800766886,1.2038997811092413,0.35432521260309235,13097.966,2.0500805377960205,0.45865469736691467,-0.022944296,0.11914466976666885,0.0557548,1.8463037014007568,-0.5960345727968569,9.480212,23
-0.07072783,0.796824,58.31304759187932,15.70295684035396,2.1509488,-7.877786665924719,6.537058591842651,23.7506869315925,1.0375050204366527,0.4795030078907855,13067.946,2.062953472137451,0.35882204440582044,-0.0005853006,0.025945040747533833,0.34825847,1.9900689125061035,-0.6319987991517083,9.477918,23
-0.09938797,0.79683083,72.753067002768,21.294139873390186,1.2514205,-14.705664743088562,8.75040316581726,37.19719816712804,0.9817540630954317,0.5087466014807785,13067.198,2.2099196910858154,0.4346323498918895,-0.040106494,0.3036802464659162,0.16827607,2.1407995223999023,-0.760947893030639,9.47786,23
