LossBefore,TotalExecTime,StdReturn,MaxKL,StdForwardProgress,Perplexity,ExplainedVariance,ItrTime,NumTrajs,MaxReturn,MinForwardProgress,MinReturn,Time,AverageForwardProgress,MaxForwardProgress,AveragePolicyStd,Entropy,AverageReturn,MeanKL,LossAfter
-0.004626836,3.6715219020843506,26.205496151917007,12.0764,0.7127059826093891,5849.4937,0.34098048952742344,4.27211332321167,23,65.9157673031428,-1.0688786031629616,-30.82652461012475,4.272107362747192,0.12418626383099189,1.7223672802992884,0.71966887,8.67411,21.284622479057635,2.1784782,-0.23568964
0.075488254,2.441537857055664,16.23464391544395,1.7734499,0.36278624939807563,5844.074,0.4767884869925011,2.6260673999786377,23,65.42854704569652,-0.3922683156218928,-2.3477907520562806,6.903138875961304,0.24051854808350734,0.9685514755857509,0.7195853,8.673183,32.72001483795523,0.25211865,0.004429401
-0.008346253,2.6783459186553955,14.131148444733919,2.6694362,0.2815468356829289,5888.3594,0.6749018779200537,2.8122503757476807,24,53.102479718332944,-0.588454632606704,-6.239718586842516,9.717695951461792,0.127232778479395,0.6185218993429341,0.7201937,8.680733,27.245995572270562,0.39102718,-0.08025792
0.020953927,2.6601529121398926,23.557213530047925,1.5206338,0.49831486223505045,5883.4478,0.570164800449398,2.8133597373962402,23,92.81112476557213,-0.5119155439333337,-5.06557779965002,12.544218063354492,0.7710278320089808,1.7086423778463466,0.72011995,8.679898,49.916139131698145,0.2117187,-0.059199166
