NumTrajs,ItrTime,AveragePolicyStd,MaxForwardProgress,Perplexity,MeanKL,MaxKL,AverageReturn,ExplainedVariance,LossBefore,AverageForwardProgress,MaxReturn,MinReturn,StdForwardProgress,LossAfter,Time,TotalExecTime,StdReturn,Entropy,MinForwardProgress
23,3.9489545822143555,0.71966887,1.7223672802992884,5849.4937,3.5539498,24.964783,116.99951488382371,0.7466237019957178,-0.0011758024,0.13707831331698733,154.45553563617625,85.86671201096269,0.7041226214124369,-0.24291971,3.9489502906799316,3.426809072494507,19.71573602626753,8.67411,-1.0688786031629616
23,4.128841161727905,0.719653,1.138364258180252,5848.1104,0.18981555,2.6645865,149.23654854063352,0.9712805797183145,0.004887483,0.47118397760284997,161.61581399146684,130.68096857858103,0.257017657548717,-0.057858344,8.085658311843872,3.784541368484497,7.60013591714,8.673874,-0.11302510982063539
23,2.9195520877838135,0.71972215,1.0375527117095296,5850.967,0.11235439,1.0548923,147.61393588634567,0.9660435123430884,0.001735455,0.49930086320952344,165.8577975572138,131.26386205675593,0.24164024477353235,-0.04347854,11.009348392486572,2.815408706665039,9.466128080131975,8.674362,0.05802576844991142
23,2.774822235107422,0.71975243,1.3293167920179867,5851.988,0.1920154,1.4724791,142.29674099111583,0.941585816201576,-0.02986441,0.42865528483934545,163.3342179183077,103.73299678424578,0.3632260382252857,-0.09377781,13.78734278678894,2.574216604232788,12.48185152737648,8.674537,-0.33066471814285614
