MinReturn,Perplexity,AverageReturn,ItrTime,Entropy,MeanKL,LossAfter,ExplainedVariance,AveragePolicyStd,LossBefore,NumTrajs,TotalExecTime,MaxKL,MaxReturn,StdReturn,Time
-53.4759035245402,3.8731225,-52.17445705874532,1.9143028259277344,1.354061,1.0455972,-0.24507177,0.9993029862094019,0.47636598,0.007887757,43,1.3521728515625,1.2467833,-51.38940222028227,0.448694825538553,1.914297103881836
-46.17539711350841,3.8792367,-45.23070789072799,1.0312268733978271,1.3556384,0.26227513,-0.10964916,0.9990229455284696,0.47674754,0.018127328,43,0.8972132205963135,0.2976281,-44.22604391073976,0.475565275603343,2.949045181274414
-42.96964711516006,3.8862758,-41.84135957295581,0.7177715301513672,1.3574513,0.2758513,-0.14723781,0.9986320537772282,0.47716752,-0.010569406,43,0.6777598857879639,0.31504738,-40.43907062401239,0.559469098401792,3.6684813499450684
-39.182686319770795,3.88217,-38.2438792547532,0.9367246627807617,1.3563943,0.237738,-0.119517684,0.9982970211965823,0.47691622,-4.082081e-05,43,0.9004132747650146,0.2666639,-37.06798170892223,0.4989503348590057,4.607812881469727
-36.022124200526164,3.8821537,-34.879794167575305,0.7354588508605957,1.3563901,0.26090452,-0.13044158,0.998164008045249,0.47690225,-0.0005784252,43,0.6619927883148193,0.2961504,-33.76581515050615,0.49980145394367376,5.345871448516846
