Entropy,StdReturn,LossBefore,Time,MaxKL,AveragePolicyStd,ExplainedVariance,Perplexity,NumTrajs,MaxReturn,TotalExecTime,AverageReturn,MeanKL,LossAfter,MinReturn,ItrTime
1.4519385,0.4428114560764303,0.009955643,0.9209141731262207,1.8654091,0.50105613,0.9954857675675128,4.2713866,43,-18.044316879667306,0.6414139270782471,-18.898610548607895,1.7445611,-0.3222666,-20.145168083326077,0.9209160804748535
1.4539295,3.220282022926777,0.006049535,1.6694529056549072,0.04997623,0.5015548,0.7340780898033217,4.2798996,48,-0.19630112560321222,0.570159912109375,-9.884247023455627,0.045475964,-0.012164592,-12.170618785077759,0.7468962669372559
1.4545343,3.4955990434209196,-0.006453648,2.4345602989196777,0.05385244,0.5017436,0.6372649751869177,4.282489,54,-0.3866888434127352,0.7232308387756348,-8.266390734181975,0.048508167,-0.02616624,-11.23764490219814,0.7628140449523926
1.4538888,3.221859835405557,0.0017293933,3.0429444313049316,0.016315699,0.5015882,0.4876111903455196,4.279725,61,-0.10147459061425179,0.5644676685333252,-6.6734098958324655,0.014598449,-0.0043347646,-10.451421660553867,0.6057429313659668
1.4540616,3.130598467016613,0.0059398096,3.650674343109131,0.03150183,0.50161904,0.3299436918496894,4.280465,67,-0.1284153141214324,0.5704531669616699,-5.593604573481037,0.027689371,-0.005688302,-9.335264458603376,0.605471134185791
