StdReturn,LossBefore,ExplainedVariance,Time,AverageReturn,MaxKL,Entropy,LossAfter,Perplexity,MinReturn,MaxReturn,NumTrajs,MeanKL,AveragePolicyStd,ItrTime,TotalExecTime
0.3784670595792464,0.0052630384,0.9968235357044001,1.395552396774292,-19.316287584599486,46.07944,0.7402277,-1.7805078,2.096413,-20.497508903362597,-18.618960675332918,43,45.70622,0.3504143,1.3955519199371338,1.0143563747406006
0.3122024886010581,-0.01933593,0.9966070816168021,2.5316696166992188,-15.83166694257926,10.495012,0.7412804,-0.7744413,2.098621,-16.407888448487487,-15.114309267336887,43,10.274858,0.35060573,1.1345798969268799,0.8573455810546875
0.8594002846816778,-0.05846266,0.0188578247764708,4.080278396606445,-0.911882822630199,0.4164009,0.7393466,-0.088601515,2.0945666,-4.71302813212409,-0.09250326525056701,203,0.40489563,0.3502772,1.5350947380065918,1.4623091220855713
1.1943608229101688,-0.029373053,0.019297340333835566,5.500508069992065,-1.3313386268207967,1.3441381,0.7335005,-0.12394024,2.0823572,-5.132584359812608,-0.09268227073473627,159,1.3190112,0.34926337,1.4158172607421875,1.3432183265686035
1.198416322079479,-0.0396277,0.02401545033251873,7.049014091491699,-1.4363267155006003,0.92048347,0.7305632,-0.10446287,2.0762496,-5.4560406039329585,-0.09262495296766718,152,0.9006156,0.3487454,1.5454339981079102,1.4769690036773682
