ItrTime,Time,StdReturn,ExplainedVariance,MinReturn,NumTrajs,MaxKL,Perplexity,LossBefore,LossAfter,AverageReturn,TotalExecTime,MaxReturn,MeanKL,AveragePolicyStd,Entropy
1.2361197471618652,1.2361125946044922,0.3746189634034667,0.9989147994208232,-37.23531318838162,43,1.6896517,3.3414745,0.0007777937,-0.2915117,-36.59239016342674,0.8402631282806396,-35.57070911788754,1.5353888,0.44232267,1.2064122
1.062356948852539,2.301539897918701,0.3969234909185857,0.9979671470602036,-30.62995251847715,43,0.44421047,3.3419945,0.0057958537,-0.14945023,-29.651256226611448,0.8779504299163818,-28.82225331848115,0.4032943,0.4423578,1.2065678
0.9057519435882568,3.208963632583618,0.4136659944599803,0.9977539840193528,-26.704656886653332,43,0.4565511,3.3439324,-0.002974708,-0.1683682,-26.024058990166203,0.8594272136688232,-25.17297318369812,0.41720802,0.44248727,1.2071475
1.1128613948822021,4.324885845184326,0.4276830283926572,0.996553888963396,-23.22066932266595,43,0.45580548,3.342938,-0.013749031,-0.1776328,-22.2832012619056,1.0663225650787354,-21.084834420752905,0.41039187,0.44242287,1.20685
0.9248590469360352,5.252260684967041,0.4423714040886813,0.995332024187857,-19.439175113829233,43,0.44558865,3.3383439,0.014293394,-0.14584906,-18.627982100234714,0.8868329524993896,-17.60308181581077,0.3983292,0.44211936,1.2054749
