StdReturn,LossAfter,StdForwardProgress,Perplexity,ItrTime,AveragePolicyStd,MeanKL,Entropy,AverageReturn,MaxForwardProgress,TotalExecTime,LossBefore,MinForwardProgress,NumTrajs,ExplainedVariance,MinReturn,MaxKL,MaxReturn,Time,AverageForwardProgress
21.394413783126808,-0.14201596,0.6733531469525275,13061.518,2.471611499786377,0.79670346,0.5070039,9.477426,139.64836034493516,2.7550993302484854,2.141641616821289,-0.030008718,-0.6727553816701273,24,0.8719519642290461,63.52274950611832,3.071383,167.3787141385143,2.4716062545776367,0.2720558686881324
10.02749752928969,-0.0860567,0.2586586790451181,12983.352,2.41438889503479,0.7960619,0.09249788,9.471423,156.64440999602283,0.691882919665399,2.1615452766418457,-0.0406578,-0.262246765166208,23,0.9651660416979448,138.06732056207267,0.87411684,170.09529968163875,4.887988567352295,0.2905190654307814
9.158042390105246,-0.12003571,0.31783621753875946,12930.687,2.2737553119659424,0.7956711,0.098901145,9.467359,161.41414135114897,1.086759758847517,2.1533002853393555,-0.0752254,-0.342665571739434,23,0.9723750266501104,141.60085390501717,0.9183779,179.34674994634838,7.163492679595947,0.2945365686256417
11.170602135128838,-0.08591643,0.26922426254266857,12833.792,1.9957702159881592,0.79488313,0.07663165,9.459837,163.2469120064614,0.9317932670522102,1.8840363025665283,-0.047269713,-0.07123528531571094,23,0.9708251308168907,128.05228973053232,0.43749502,181.16162962036145,9.162985801696777,0.3270923032435577
