Perplexity,Time,MaxKL,ExplainedVariance,Entropy,AverageReturn,NumTrajs,MinReturn,LossBefore,AveragePolicyStd,StdReturn,MeanKL,LossAfter,TotalExecTime,MaxReturn,ItrTime
1.772403,1.033787488937378,50.549248,0.9994518888833777,0.57233626,-46.37326421844997,43,-47.549136416015216,0.015813941,0.32229263,0.37239375628677407,49.699608,-1.8186375,0.7416024208068848,-45.74900757005955,1.0337920188903809
1.7780178,2.2496023178100586,13.119022,0.9957880763881736,0.5754991,-12.644341992985396,43,-13.318680340974874,-0.01971409,0.32280582,0.2642019928456953,12.687418,-0.89710814,0.9942200183868408,-12.20374013292893,1.2136528491973877
1.7745162,3.2189087867736816,2.1807237,0.4893632907350097,0.5735278,-5.76431719410705,59,-8.51207675229745,0.01403117,0.32248616,2.5076794995042975,2.1014307,-0.12153862,0.927253007888794,-0.7521988869993338,0.9676728248596191
1.7770079,4.151167154312134,1.826417,0.08242523977944904,0.574931,-1.3749264555160738,192,-4.792780909219151,-0.100746624,0.32269323,0.7314997471978173,1.7353704,-0.2174619,0.8692758083343506,-0.6222066639050576,0.9253995418548584
1.7591946,5.271931409835815,3.0295892,0.23013124083574,0.5648561,-4.184415356058516,77,-7.806508367521308,0.0027319833,0.32105637,2.40574425536787,2.868359,-0.18230096,1.0161967277526855,-0.6264438164787378,1.1182653903961182
