MaxForwardProgress,MaxReturn,AveragePolicyStd,MinReturn,Time,StdReturn,NumTrajs,MinForwardProgress,ExplainedVariance,MeanKL,AverageReturn,Perplexity,LossAfter,AverageForwardProgress,StdForwardProgress,MaxKL,Entropy,ItrTime,TotalExecTime,LossBefore
1.7108011090674478,40.46533635525704,0.93301165,-131.46299595240183,2.6199066638946533,43.00849100696339,25,-1.7050961921418215,0.4134137998485604,40.065346,-38.87249639014384,47269.582,-0.86543894,0.06495844225766914,0.817966883007849,327.7741,10.763622,2.6199095249176025,2.2286734580993652,0.008737391
1.102362883326943,8.664131604519977,0.93462276,-100.60914509628772,5.07482123374939,23.043293788446483,23,-1.0800888246507072,0.46387443154803487,1.1657603,-34.12407857846555,48102.883,-0.11018682,0.254284368823646,0.461118840415153,10.537993,10.781097,2.4514670372009277,2.176434278488159,0.0027552862
0.48149117603321195,-22.331332579849516,0.93459046,-68.88210984066296,7.472506999969482,10.839002756833285,23,-0.44625975610862645,0.6618964475242097,2.1900196,-38.41389893749778,48235.55,-0.30323446,0.16773390675453187,0.2155512748120133,24.551369,10.783852,2.3957090377807617,2.3227880001068115,-0.05905126
1.0379531173948575,4.701596047621915,0.92783797,-56.34185558120834,9.683626413345337,16.39250140756369,23,-0.19087475172513763,0.42359578625250416,12.119908,-26.096472421517497,45469.598,-0.5204951,0.4235633821047839,0.3272125560761326,86.83216,10.724799,2.2080278396606445,2.1293766498565674,0.00563523
