ItrTime,ExplainedVariance,LossAfter,MinReturn,TotalExecTime,AverageReturn,Perplexity,Time,StdReturn,Entropy,LossBefore,MaxKL,NumTrajs,MaxReturn,MeanKL,AveragePolicyStd
0.9757590293884277,0.8863732361055883,-0.3948499,-11.944437395513283,0.6427888870239258,-10.239176425193042,2.5998728,0.9757556915283203,1.933560555865194,0.9554625,0.005718328,9.898766,45,-1.152186028129978,9.8245945,0.39017677
0.7865047454833984,0.6471702702963597,-0.08315615,-9.9605972925905,0.651540994644165,-7.3763372166624155,2.6028476,1.764413833618164,3.0808248517803727,0.95660603,-0.0054062307,1.0067873,54,-0.3204343128652691,0.97657824,0.3904076
0.6262195110321045,0.02018219551916145,-0.14374243,-5.8411141365405115,0.562145471572876,-1.4365155315148284,2.6014407,2.3920812606811523,1.3438063008899537,0.9560654,-0.05861865,1.0704108,148,-0.007622039128154545,1.0538106,0.39030206
0.6970605850219727,0.03207694030704711,-0.1520029,-5.895352420758482,0.6455278396606445,-1.5790837694798345,2.5862367,3.091953754425049,1.4657012859139336,0.95020384,-0.031929597,1.5054212,146,-0.010199219016107973,1.4874357,0.38915697
0.8208701610565186,0.05024390495487019,-0.18189155,-6.28034464469128,0.7630438804626465,-1.7092148819906834,2.5779924,3.915421485900879,1.7016294861478718,0.947011,-0.032077145,1.896807,137,-0.0052168939775477695,1.8607025,0.3885302
