AverageReturn,StdReturn,ExplainedVariance,ItrTime,MaxKL,TotalExecTime,MeanKL,AveragePolicyStd,NumTrajs,Time,Perplexity,MaxReturn,Entropy,LossBefore,LossAfter,MinReturn
-6.950879093509064,3.2071744639660325,0.4571934252773152,1.3753156661987305,0.16035503,1.0102872848510742,0.14434396,0.5113537,58,1.3753108978271484,4.4529386,-0.7939152783072756,1.4935642,0.017868288,-0.021403767,-10.430010612342137
-3.8119256940106134,2.7463733593332513,0.19170988202349315,0.7884268760681152,0.034467995,0.6483123302459717,0.0313172,0.5122318,83,2.1654434204101562,4.4688797,-0.004448477108900543,1.4971378,-0.021942869,-0.039007306,-8.222304341885925
-3.107968656783849,2.5246883043390422,0.13794473360413484,0.8113002777099609,0.023383915,0.7483389377593994,0.0214005,0.5116668,95,2.9782865047454834,4.4590845,-0.008734082133576286,1.4949435,-0.04094767,-0.052213065,-7.728172819310395
-2.4050706849817085,2.1955016148343542,0.1040746372744693,0.6918933391571045,0.006578386,0.6452419757843018,0.005996633,0.51060617,114,3.6725103855133057,4.4408627,-0.003362267211431615,1.4908487,-0.007880066,-0.011201854,-6.936856369118134
-2.147630849272947,1.864722386988853,0.05840371104087416,0.6962604522705078,0.02559185,0.6470229625701904,0.023655707,0.5103861,123,4.371377229690552,4.4373655,-0.0037142944555551894,1.4900608,-0.042738844,-0.054604553,-6.778745746441841
