NumTrajs,ItrTime,TotalExecTime,LossBefore,MaxReturn,Time,LossAfter,AverageReturn,StdReturn,ExplainedVariance,Entropy,MeanKL,MinReturn,Perplexity,AveragePolicyStd,MaxKL
43,0.821833610534668,0.5505766868591309,0.014069638,-46.578660584724844,0.8218326568603516,-6.0111156,-47.498069717314166,0.45298039091793163,0.9992138767448797,1.171892,584.958,-48.907874824155385,3.2280946,0.4348612,623.24744
43,0.9283120632171631,0.7841987609863281,-0.01649523,-144.68449406995654,1.751680850982666,-3.6420772,-146.59454979829874,0.9383408291627638,0.9996348283707526,1.1859618,181.77414,-148.4155702763392,3.2738342,0.4379568,314.34833
43,0.5943930149078369,0.5636224746704102,-0.01141428,-21.468150238431182,2.3480112552642822,-1.8040243,-22.089742592896325,0.2894534499562803,0.9984836226014259,1.1777143,111.96824,-22.946320654840903,3.2469444,0.43616438,220.5984
43,0.6817061901092529,0.640031099319458,-0.005554263,-36.29329787434499,3.0319809913635254,-2.325595,-37.003439372198606,0.30016433396629494,0.9992058311129357,1.1720071,116.43079,-37.5147084362521,3.228466,0.4349348,129.07996
43,0.6131103038787842,0.5711538791656494,-0.035674263,-24.368810181288723,3.6477012634277344,-2.226742,-25.25398707333151,0.4443880536656548,0.9975186832416922,1.16923,95.129425,-26.178436466576464,3.2195127,0.4343009,123.613235
