TotalExecTime,StdReturn,AverageReturn,LossAfter,MaxKL,Time,MeanKL,ItrTime,Entropy,ExplainedVariance,LossBefore,NumTrajs,MinReturn,AveragePolicyStd,Perplexity,MaxReturn
0.6492908000946045,0.42650447896456356,-23.66252293186598,-1.7011628,42.01453,1.0400960445404053,41.333717,1.040097951889038,0.95546263,0.9974543725790113,0.009570748,43,-24.971407998214257,0.39017677,2.599873,-22.914678010865316
0.6677839756011963,0.37531859853718025,-14.513617411952245,-0.7747187,10.260007,1.84391450881958,9.905261,0.8022067546844482,0.9573765,0.9946936688166724,-0.029887201,43,-15.25178221214177,0.39054897,2.6048536,-13.776583894078799
0.6394824981689453,1.741242567786636,-2.3074943367965144,-0.077003166,0.7715883,2.531705379486084,0.74451333,0.6855792999267578,0.954388,0.06903795508472688,-0.017955737,111,-6.3263197625768735,0.3899625,2.5970807,-0.15566374040297173
0.644913911819458,1.2791543268525554,-1.610968951900851,-0.067137815,0.2686965,3.2267205715179443,0.25876537,0.692490816116333,0.9525924,0.03678914436493097,-0.046537813,141,-5.504391828417077,0.38960898,2.5924215,-0.16908187889005133
0.6814777851104736,1.1098631354414044,-1.3792428363354177,-0.07498134,0.43590748,3.9541144371032715,0.41356665,0.7250223159790039,0.9479389,0.022768186887758057,-0.04209277,152,-5.044080947762685,0.38870192,2.5803857,-0.15697757657456357
