ExplainedVariance,StdForwardProgress,MinForwardProgress,MinReturn,MaxKL,TotalExecTime,Time,StdReturn,AverageReturn,ItrTime,LossBefore,MaxReturn,LossAfter,AverageForwardProgress,MaxForwardProgress,NumTrajs,AveragePolicyStd,Entropy,MeanKL,Perplexity
0.4194017192575772,0.5050228905215914,-0.7473400635947757,-69.47276419916697,0.2969602,2.3757874965667725,2.7560019493103027,25.12236087973911,-26.131936926432548,2.7560079097747803,-0.009450511,20.3061643561189,-0.05326371,0.14192887490890616,1.073271210406152,23,0.9299692,10.764587,0.050191443,47315.227
0.364893041222487,0.625942727859161,-0.9692849813310151,-81.88578864324715,0.6052661,2.09047794342041,5.105746507644653,28.445219049888387,-20.9940082848358,2.346933603286743,-0.01761188,26.2116158176105,-0.05571894,0.27736873196065065,1.6384426328907005,23,0.9297454,10.762695,0.037539404,47225.785
0.46344458274021083,0.5362108222019374,-0.9341964765613868,-80.58794137074679,0.59068245,2.469909906387329,7.676334857940674,25.577732333988475,2.3951080948509142,2.5667781829833984,0.0016189177,48.96730326206472,-0.031473786,0.7355381799473869,1.8163436226850624,23,0.9295321,10.760932,0.03852293,47142.582
0.29944637977251554,0.544368392961684,-0.11165261180643982,-38.33085592197698,0.09635843,2.417725086212158,10.17270016670227,23.705071828864444,11.91304530174482,2.493176221847534,0.020095533,61.633269912979074,-0.0003345788,0.943508292971412,2.219080902748616,23,0.929543,10.761095,0.010740405,47150.273
