MaxReturn,Entropy,ExplainedVariance,StdReturn,AverageForwardProgress,MaxForwardProgress,TotalExecTime,AverageReturn,NumTrajs,ItrTime,StdForwardProgress,MinForwardProgress,AveragePolicyStd,MinReturn,LossBefore,Perplexity,MeanKL,MaxKL,LossAfter,Time
143.59363541912705,10.763622,0.5872699859430915,33.84465680211209,0.03306220810465043,1.7108011090674478,2.264024257659912,89.0277792113,25,2.6795220375061035,0.8555668774598733,-1.7050961921418215,0.93301165,30.69667237887476,0.024240427,47269.582,47.529064,303.86755,-0.55610543,2.679518461227417
129.87737477533767,10.812102,0.9610734685498553,8.423681161310018,0.06902633698529452,0.36231419804227477,2.1773908138275146,117.07622836534595,23,2.3714516162872314,0.18739684321848446,-0.2990114697515886,0.9384017,100.25112790521993,0.089125976,49617.67,0.64164865,7.17594,-0.03268454,5.053820371627808
136.71991243763213,10.90123,0.9670729535303563,6.424738013417125,0.21728327964733649,0.49205826194110436,2.3650224208831787,124.97387086516845,23,2.45402455329895,0.14841335974590908,-0.046127635829038005,0.94886,112.7519036339041,0.008676068,54243.035,0.94058627,8.250817,-0.1305144,7.509668827056885
149.44859548614915,10.909906,0.8278784498872251,31.06769997352604,0.42082262595384834,1.6986593958038323,2.2551634311676025,114.82763731908945,24,2.3485260009765625,0.7271934835704288,-1.768093947374021,0.9502305,25.375204871603483,-0.025598763,54715.723,1.2302178,12.217401,-0.21204416,9.861337184906006
