LossBefore,AverageReturn,ExplainedVariance,LossAfter,MaxForwardProgress,MinForwardProgress,NumTrajs,TotalExecTime,ItrTime,MeanKL,StdReturn,MinReturn,MaxKL,Perplexity,MaxReturn,StdForwardProgress,AveragePolicyStd,Time,Entropy,AverageForwardProgress
0.008534891,-113.60859844697983,0.6365483009337757,-0.15798266,1.7223672802992884,-1.0688786031629616,23,3.0537021160125732,3.6343374252319336,1.380429,31.304447741873922,-172.71702143303511,10.049397,5849.4937,-57.56286782985561,0.7041226214124369,0.71966887,3.6343321800231934,8.67411,0.1370783133169874
-0.025015285,-98.9031891501542,0.5919976554742141,-0.11039797,1.1625358697967323,-0.6846626888001691,23,3.1232504844665527,3.4065215587615967,0.30845273,24.5498670833005,-151.71079968297667,2.6301517,5859.4766,-60.8083395160511,0.49473460070080083,0.71985006,7.0448853969573975,8.675816,0.39446804441857275
-0.010252862,-72.12544099032307,0.5995105864329133,-0.15082608,1.7616805179059354,0.16754705325401634,25,2.99881911277771,3.233159303665161,1.3252339,27.115660926041485,-108.34880827536381,13.608227,5844.8545,-3.6164003360622803,0.40653111757015975,0.7196049,10.281547546386719,8.673317,0.8152639264974053
-0.0392321,-71.192934886996,0.4581815142872495,-0.11496281,2.182976702035748,-0.4820499404235624,24,3.3563013076782227,3.4875898361206055,0.28675157,34.72930847359744,-142.76122664759694,2.564712,5838.8374,-2.1876383807230138,0.7013602829494214,0.7195381,13.777948379516602,8.672287,0.9119148598958594
