AverageReturn,MeanKL,Perplexity,Entropy,NumTrajs,MaxKL,AveragePolicyStd,MaxReturn,ExplainedVariance,LossAfter,LossBefore,MinReturn,TotalExecTime,Time,StdReturn,ItrTime
-13.274620503033635,0.93690705,3.8731225,1.354061,44,1.1170926,0.47636598,-0.01040939988317886,0.9863632118178445,-0.22214763,0.008766443,-14.851641612087931,0.8473780155181885,1.1482229232788086,2.0699429726358725,1.1482250690460205
-4.1990065346710495,0.020267785,3.8799183,1.3558141,81,0.02310592,0.47674716,-0.005824754056721933,0.2851539288447491,-0.018203093,-0.00817135,-8.634550504869885,0.7438180446624756,2.087083578109741,3.028140825315788,0.9372348785400391
-3.7365480356185636,0.026358813,3.8767505,1.3549973,83,0.032912195,0.47654992,-0.003245789960400582,0.22646013955717847,-0.03169067,-0.016362114,-8.414108368276711,0.9581079483032227,3.101907968521118,2.7496399591665455,1.0133860111236572
-2.9088907031272595,0.046107616,3.870412,1.353361,102,0.052129984,0.47613698,-0.004263041673888146,0.13936444945785187,-0.05580305,-0.03443631,-7.875100185042923,0.9184093475341797,4.110079765319824,2.4942425361756007,1.0038557052612305
-1.9763238541447918,0.013860224,3.8571055,1.349917,133,0.016406775,0.47530338,-0.0036513203476076367,0.047070646411647266,-0.030502308,-0.022833563,-6.409727546348771,0.7464683055877686,4.9228034019470215,1.7664859259281873,0.8099846839904785
