AveragePolicyStd,TotalExecTime,MaxForwardProgress,MeanKL,MinReturn,MaxKL,MinForwardProgress,NumTrajs,ItrTime,LossAfter,StdForwardProgress,StdReturn,Time,ExplainedVariance,AverageForwardProgress,Perplexity,AverageReturn,MaxReturn,Entropy,LossBefore
0.743062,1.9624664783477783,1.0859500827309039,0.7615228,-73.27572738279379,6.2156553,-0.7922484056943877,23,2.3047261238098145,-0.11371659,0.47500054835694216,24.051809137996276,2.3047242164611816,0.44124191677670344,0.14351237476308193,7477.622,-25.652384959138786,21.957346969575948,8.91967,0.015450452
0.7433788,2.0133469104766846,1.1974708562399428,0.2543299,-62.548257192052205,1.2544695,-0.5835612614611088,23,2.1993563175201416,-0.026730666,0.4716717927434319,23.578031428685417,4.506089925765991,0.39796865224326106,0.14891257767731073,7500.7773,-25.83712210106055,27.067649010398828,8.922762,0.04070286
0.74378246,2.19449520111084,1.740009591960849,0.118216075,-75.48301844379392,0.98032844,-0.8521080346139582,23,2.266388177871704,-0.04271218,0.5490269608580898,25.63192151313135,6.7759552001953125,0.5061350160562852,0.43366721672910674,7531.3696,-12.828724423457915,49.204576559353214,8.926832,0.013242082
0.743897,2.24184513092041,2.261821181903106,0.18422309,-47.72366112626966,2.0022814,-0.3177756478485306,23,2.371196985244751,-0.06420123,0.6770714465568606,27.927243673119257,9.15027666091919,0.4073983722368063,0.5852483127965246,7541.3384,-7.332054884534746,71.43232034289417,8.928155,-0.0002565782
