TotalExecTime,Time,NumTrajs,AverageReturn,AveragePolicyStd,MinReturn,StdReturn,ExplainedVariance,Perplexity,LossAfter,LossBefore,Entropy,MaxKL,MeanKL,MaxReturn,ItrTime
0.8635110855102539,1.2629637718200684,43,-50.34771150252345,0.4348612,-51.59463700904284,0.41759231456549945,0.9993333846776268,3.2280946,-1.297781,0.003042003,1.171892,28.297909,27.92338,-49.63029724776306,1.2629659175872803
0.9732294082641602,2.4125068187713623,43,-18.25529359786473,0.43499416,-19.256522080806214,0.4341633563235216,0.9941688673524097,3.23006,-0.6419698,0.007155094,1.1725007,7.79086,7.40283,-17.452291500734365,1.147524118423462
0.8935060501098633,3.373018980026245,124,-2.433113649752256,0.43515706,-6.17738653306066,1.3415936524687144,0.08661701598209959,3.2323709,-0.04929937,-0.036529075,1.1732159,0.15958071,0.15080449,-0.9112986437120943,0.9589035511016846
1.1305902004241943,4.563895225524902,121,-2.6286845245799766,0.4343694,-6.718566550835279,1.5200351688026277,0.08025629990392902,3.2205858,-0.10074762,-0.050072134,1.1695633,0.64405644,0.61459965,-0.9141479641872355,1.1882236003875732
1.098517656326294,5.714015245437622,120,-2.6147453793976423,0.43327478,-6.636241991731849,1.60078651873337,0.08456355146510075,3.2045007,-0.104082,-0.05497196,1.1645563,0.62598026,0.5799971,-0.9122891799113646,1.147580862045288
