MaxReturn,LossAfter,MinReturn,NumTrajs,StdForwardProgress,ExplainedVariance,ItrTime,MinForwardProgress,AveragePolicyStd,Time,Entropy,MeanKL,AverageReturn,LossBefore,AverageForwardProgress,TotalExecTime,Perplexity,StdReturn,MaxKL,MaxForwardProgress
30.424163145039323,-0.14251944,-78.69430350088697,23,0.5352193105648755,0.39358726502461994,2.2489185333251953,-1.4169466477744077,0.7996021,2.248913049697876,9.522983,1.5040317,-24.496231292637173,-0.012772668,-0.4386167798279818,1.7999813556671143,13670.323,27.50316811288743,20.360004,0.6366946674858941
49.141185244305234,-0.06780645,-52.03380587172338,25,0.5810608802129913,0.3941371665690213,2.1385505199432373,-1.021720200453917,0.7992914,4.391010999679565,9.520429,0.36446273,5.8924407325552215,0.0016134423,0.21616587213690866,1.9587159156799316,13635.455,26.602300757876787,4.560007,1.1669712496057267
108.12517280264838,-0.029565284,-12.712536917803828,24,0.8260428784724693,0.5172991470730056,2.1743247509002686,-0.2049211613612364,0.79928946,6.567207336425781,9.520589,0.11186107,43.15353683038769,0.011000619,1.1553890559634157,2.098870277404785,13637.64,30.971909000946138,1.9247642,2.898897794337489
86.35610193107476,-0.07385317,-40.47698229325718,26,1.008324653237939,0.3789821062492694,2.5115673542022705,-0.7580993944249328,0.7993815,9.08183765411377,9.521689,0.33836636,33.31299651680681,0.010226432,1.0032894456700323,2.435750722885132,13652.657,35.34778361228117,3.3627234,3.2408996050545724
