ItrTime,AveragePolicyStd,ExplainedVariance,StdReturn,TotalExecTime,MeanKL,MaxReturn,Entropy,MaxKL,MinReturn,Time,AverageReturn,LossAfter,Perplexity,LossBefore,NumTrajs
0.9373989105224609,0.32229263,0.9371832114678248,1.0233547923296482,0.640573263168335,11.26328,-4.222839276569258,0.57233626,11.384532,-11.238098102221748,0.9373960494995117,-10.070067032691059,-0.45393154,1.772403,-0.011827366,44
0.9827103614807129,0.3219238,0.6333431388898283,3.0247691620403496,0.7455246448516846,1.9603889,-0.003259286922510585,0.5699709,2.0208704,-8.897626751738489,1.921689510345459,-6.141928363759056,-0.12898819,1.7682157,0.017029405,57
0.8013331890106201,0.3222072,0.018264112655092868,0.7665917147564543,0.7446000576019287,0.015269227,-0.0032348799668223717,0.57167375,0.015538931,-3.732391674084576,2.724418878555298,-0.6821136397744484,-0.082514025,1.7712291,-0.080625765,253
0.7005934715270996,0.3209111,0.007189516517484562,0.8414086822153312,0.6439573764801025,0.45353404,-0.003232535851647001,0.56361115,0.47012103,-4.622177218425292,3.42815899848938,-0.7116043165494683,-0.13641047,1.7570058,-0.10057426,240
0.727959394454956,0.3192927,0.021115687725734578,0.9064209942373357,0.6611106395721436,0.6792728,-0.0033496689830347535,0.5535537,0.6924982,-4.720434567137566,4.158610105514526,-0.8463455442053482,-0.12891048,1.7394234,-0.07897073,212
