ExplainedVariance,LossBefore,NumTrajs,TotalExecTime,MaxReturn,MaxKL,Entropy,MeanKL,AverageReturn,AveragePolicyStd,MinReturn,ItrTime,Time,LossAfter,StdReturn,Perplexity
0.9961855984675112,0.0014888204,43,0.8432984352111816,-20.224309682982724,1.4492387,1.354061,1.2450643,-21.199119752860398,0.47636598,-22.597536752712397,1.2447195053100586,1.2447161674499512,-0.2908059,0.47483009228891304,3.8731225
0.9598989542975674,-0.0012745699,44,0.7915127277374268,-2.0164939649169593,0.096815765,1.3543587,0.08493465,-13.734667800237435,0.47643253,-14.932110198707516,0.9156146049499512,2.163146734237671,-0.04117247,1.821687254882029,3.8742754
0.9507421314349651,-0.002903486,45,0.8551640510559082,-0.5465673221893752,0.1370216,1.3542312,0.11968238,-11.792444530026826,0.47639638,-13.248877654008657,0.9082551002502441,3.073822021484375,-0.059335254,2.4367375853705764,3.8737817
0.5632046872556307,-0.007960125,55,0.864466667175293,-0.3969883115431661,0.051101446,1.353941,0.044211548,-8.14423713410326,0.4763409,-11.689956671348295,0.9266178607940674,4.0053253173828125,-0.028870335,3.3981861400409246,3.8726575
0.5987411831380832,-0.022299694,55,0.9616444110870361,-0.3591253999924477,0.0344007,1.3531448,0.028844614,-7.146347187584789,0.47616047,-9.996163907053326,0.9969780445098877,5.005006790161133,-0.037480902,3.1409630428530653,3.8695753
