StdReturn,AverageReturn,MaxReturn,NumTrajs,AveragePolicyStd,Time,ExplainedVariance,MaxKL,LossAfter,TotalExecTime,MeanKL,MinReturn,Perplexity,ItrTime,Entropy,LossBefore
0.3780667362324015,-47.11270253771931,-46.231923173466306,43,0.39017677,1.300347089767456,0.9993756615673564,36.05516,-1.4796759,0.9718704223632812,35.52279,-47.88975068228395,2.599873,1.3003535270690918,0.95546263,-0.010505939
2.3470097275442807,-13.383347758497274,-1.4736073184717615,45,0.38976502,2.3931899070739746,0.9311690313433745,2.2466965,-0.1232134,0.952303409576416,2.105027,-14.806146654437287,2.594416,1.0901036262512207,0.9533614,0.03251602
2.2337416985103196,-3.594912066623644,-0.5951790713875055,87,0.39040163,3.414848804473877,0.16658181831085173,0.88464606,-0.09178211,0.944007396697998,0.82208544,-7.531396905745724,2.6028652,1.0199916362762451,0.9566129,-0.030265134
1.0581812100385197,-1.713094673208395,-0.5816703647002206,161,0.3898015,4.427823305130005,0.04887096309785277,0.64546597,-0.11022918,0.9518706798553467,0.5929264,-5.519792242920242,2.595,1.0067126750946045,0.9535865,-0.06624081
1.5716835501766158,-2.3584813545130046,-0.5909580733873152,117,0.38851342,5.354506731033325,0.0716303033978477,1.8776243,-0.16281474,0.8701126575469971,1.7208685,-6.458012827655077,2.5778673,0.9225783348083496,0.9469624,-0.03563837
