StdReturn,MaxReturn,ExplainedVariance,MaxKL,AveragePolicyStd,ItrTime,NumTrajs,Perplexity,LossBefore,MeanKL,Time,Entropy,TotalExecTime,MinReturn,LossAfter,AverageReturn
0.3566729851069632,-20.327185112610767,0.9975285113062624,213.44586,0.3358152,0.9416885375976562,43,1.9259833,0.009296763,212.5328,0.941683292388916,0.65543664,0.640733003616333,-22.139368043783666,-3.789892,-21.003608961537253
0.38064347864111137,-55.36046126131738,0.9995794973414209,60.819878,0.33612707,0.9143517017364502,43,1.929568,-0.016665542,59.66477,1.8578293323516846,0.6572962,0.7721028327941895,-56.84663837146942,-1.9069588,-56.18496685326705
0.34261749574080985,-15.438904581795951,0.9962485350745764,54.468285,0.33584684,0.5964179039001465,43,1.9263548,-0.006469267,53.902122,2.455672025680542,0.6556295,0.5598702430725098,-17.00434083824083,-1.8838367,-16.10186472410553
0.3478161665863966,-15.869565893751615,0.9962657447004917,45.115234,0.33573732,0.5877938270568848,43,1.925109,-0.022933371,44.705173,3.060163736343384,0.6549826,0.5511691570281982,-17.297916666873068,-1.688539,-16.59598199548727
0.32473586998539733,-13.516464685942214,0.9954204058478321,48.06772,0.33535337,0.653076171875,43,1.920699,-0.020775143,47.533573,3.7160775661468506,0.65268916,0.54665207862854,-15.067592660099768,-1.7618543,-14.368687547319803
