StdReturn,ExplainedVariance,TotalExecTime,LossAfter,NumTrajs,MaxReturn,LossBefore,MaxKL,AverageReturn,MeanKL,Time,MinReturn,Perplexity,AveragePolicyStd,Entropy,ItrTime
0.35462350882623744,0.9996170554039424,0.9622080326080322,-1.7767322,43,-53.89425689239285,-0.020887334,48.645798,-54.47357065347632,47.30019,1.3291144371032715,-55.27061959165375,2.096413,0.3504143,0.7402277,1.3291263580322266
0.3238048297269153,0.9968114668841671,1.0775160789489746,-0.8433303,43,-19.196746666668208,0.007868806,13.798818,-19.922686138800252,12.8629465,2.554936170578003,-20.64590897556926,2.0876734,0.34969157,0.73605025,1.223466157913208
1.4011532937808029,0.06153631633817569,0.8451647758483887,-0.1790528,133,-0.7843358527462924,-0.035088103,2.457108,-2.2416599076291406,2.2197025,3.50864577293396,-6.1878888991778345,2.089317,0.3498269,0.73683727,0.9508020877838135
1.9623906628393724,0.13891150997364676,0.855902910232544,-0.20757411,97,-0.7843431481246155,-0.024606952,3.2546394,-3.2609133389074936,2.9807758,4.405497074127197,-7.800937004371146,2.0819986,0.349214,0.7333283,0.8945953845977783
2.3003997514695804,0.14578689663352173,1.068737506866455,-0.13959238,100,-0.7845090189645808,-0.047032975,1.705183,-3.2134711948956904,1.5658286,5.542477130889893,-7.476118065519535,2.0768816,0.3487817,0.73086756,1.1341779232025146
