TotalExecTime,NumTrajs,Time,AveragePolicyStd,MaxReturn,Perplexity,Entropy,MeanKL,AverageReturn,MinReturn,AverageForwardProgress,MaxForwardProgress,MaxKL,ItrTime,MinForwardProgress,StdReturn,LossBefore,ExplainedVariance,StdForwardProgress,LossAfter
2.7612013816833496,23,3.2711188793182373,0.71966887,133.22676382029067,5849.4937,8.67411,2.5559192,79.70664007336092,38.81689214237656,0.10674225187078754,1.7223672802992884,16.04452,3.2711243629455566,-1.0688786031629616,24.02595611168422,-0.008552777,0.5637595887903797,0.7153352230931428,-0.24045187
3.4069952964782715,24,6.994863986968994,0.7195146,128.5314376136945,5839.489,8.672399,0.1507701,105.03144040604722,67.5337744190353,0.48241661500675326,1.4022169654058687,0.94415534,3.720341444015503,-0.05980611450787384,13.141657613523092,0.04335425,0.8837812552572895,0.3920665674849639,-0.01286987
3.0652732849121094,23,10.177979230880737,0.71990085,138.99163421839657,5864.8604,8.676734,0.12336724,111.36249196285341,90.59113254905188,0.6014286081650203,1.7628234145174064,0.6998612,3.179413080215454,-0.028208882493071134,11.095427110254555,0.009980363,0.8990679471511995,0.3511313116161462,-0.036548384
3.2524609565734863,23,13.574435710906982,0.7199787,146.87153105646377,5870.714,8.6777315,0.16623087,114.14999162279359,99.24237258893733,0.57815916839084,1.209795182998226,1.0210698,3.3887057304382324,0.12437056198031297,9.438182535761902,0.019584112,0.9146525189805212,0.2623896477091717,-0.03726443
