MinReturn,Time,StdReturn,AverageReturn,ItrTime,MaxReturn,NumTrajs,MeanKL,ExplainedVariance,TotalExecTime,LossBefore,MaxKL,LossAfter,AveragePolicyStd,Perplexity,Entropy
-25.681588264636666,1.755354642868042,0.448901761772341,-24.348100612427483,1.7553596496582031,-23.458254675070535,43,1.4412513,0.997302525400013,1.243250846862793,0.008902347,1.6688832,-0.30467826,0.44232267,3.3414745,1.2064122
-17.988697295960463,3.183154582977295,0.35599744362701946,-17.07229405702284,1.4243478775024414,-16.51948623580122,43,0.30552307,0.9958048269558463,1.2813050746917725,-0.011175758,0.3575796,-0.14447752,0.44271582,3.3474293,1.2081927
-14.821356741639674,3.9262216091156006,0.8974361932485134,-13.85520893173691,0.7409663200378418,-8.911152475514193,43,0.086577296,0.9660809557069269,0.6802928447723389,0.0050764796,0.104275584,-0.035994355,0.44246656,3.3436909,1.2070752
-13.2595463890692,4.836122274398804,3.0157727907602365,-10.977090920659613,0.90712571144104,-1.651123798641336,48,0.025249308,0.7693026522371966,0.8591763973236084,0.02958599,0.029896855,0.016989553,0.44257927,3.3453882,1.2075827
-12.123542333536978,5.8181471824646,2.0880886804602716,-10.829829501915347,0.9798228740692139,-0.3156566099723236,45,0.102276616,0.9335017720695985,0.9081733226776123,-0.02637842,0.12053788,-0.074531905,0.44323376,3.3553007,1.2105414
