StdForwardProgress,Time,Perplexity,MaxKL,MinReturn,MaxReturn,MaxForwardProgress,StdReturn,LossAfter,LossBefore,MeanKL,MinForwardProgress,AverageReturn,ExplainedVariance,Entropy,NumTrajs,ItrTime,TotalExecTime,AveragePolicyStd,AverageForwardProgress
0.45297219834141184,2.3808515071868896,13061.518,5.974952,91.59967704296555,165.26517920778602,1.1058574373738883,16.729016914925495,-0.13926102,-0.040254146,0.58197945,-0.6727553816701273,131.44420999198925,0.8900963610298251,9.477426,24,2.3808538913726807,2.088555097579956,0.79670346,0.19347119554048994
0.35814909151305624,4.552671909332275,12956.807,1.4828386,54.37021322250464,168.80082646909716,0.7192069019908964,23.86099281919768,-0.110332236,-0.045859247,0.19164163,-0.6439186801309484,133.8285419172622,0.862949252282271,9.469377,23,2.1699955463409424,1.968395709991455,0.7958892,0.08391221868948803
0.2601537772538071,6.691578388214111,12897.508,0.3384655,138.64339968746125,168.21997855514053,0.7666937258713044,9.162827857340048,-0.09630618,-0.057739947,0.062867135,-0.14736559885120804,152.36100132946837,0.965885317836509,9.464789,23,2.1369340419769287,2.0574700832366943,0.7953707,0.28969902718735735
0.3675562669962656,8.634618282318115,12823.258,0.5069651,108.76904369437683,166.29339197865178,0.910533721994817,12.901747464604583,-0.099626705,-0.05853555,0.07587665,-0.7458822528741865,143.83533587069738,0.9500901037265722,9.459016,24,1.9399528503417969,1.8618810176849365,0.7948244,0.21392689711207738
