LossBefore,NumTrajs,MaxKL,ExplainedVariance,Entropy,StdReturn,MeanKL,AverageReturn,ItrTime,Time,TotalExecTime,MaxReturn,AveragePolicyStd,Perplexity,MinReturn,LossAfter
0.011074023,43,26.080202,0.9992940227367269,1.2064122,0.44523114727181046,21.000248,-49.03255901620542,0.9385755062103271,0.9385740756988525,0.6477510929107666,-48.09642857815229,0.44232267,3.3414745,-50.42005468984966,-1.1313937
0.0029469219,46,1.6751721,0.8709665073788526,1.2174861,2.453201781372732,1.4611664,-11.290025072526918,0.8105103969573975,1.7508902549743652,0.6405134201049805,-0.7930222972137356,0.44479468,3.3786836,-13.026270497589854,-0.13821045
-0.03891754,121,0.118614614,0.07430528082843224,1.2189597,1.5029010317249447,0.10269979,-2.4198645010472557,0.6776022911071777,2.4299376010894775,0.640770673751831,-0.6434078875895248,0.44512895,3.3836658,-6.57393664415927,-0.050147492
-0.054238185,109,1.0093981,0.08863208017469582,1.1995009,2.0173366099027845,0.8379557,-2.834740524265891,0.6916694641113281,3.124091863632202,0.6474711894989014,-0.6322982657903488,0.44081664,3.3184602,-7.348869508282416,-0.12460344
-0.029484617,89,2.3568687,0.1522520663373681,1.1723818,2.1923771016882574,2.0597703,-3.6959809971066275,0.6824753284454346,3.8091325759887695,0.6432600021362305,-0.6426032854801563,0.43487346,3.2296758,-7.706635512570272,-0.21585652
