MaxReturn,MinForwardProgress,ItrTime,NumTrajs,Entropy,TotalExecTime,ExplainedVariance,MaxKL,MeanKL,Time,AveragePolicyStd,AverageForwardProgress,StdReturn,LossAfter,MinReturn,Perplexity,AverageReturn,StdForwardProgress,LossBefore,MaxForwardProgress
75.82835403158866,-0.7922484056943877,2.391754150390625,23,8.91967,2.0471370220184326,0.3713690224937731,3.8568957,0.6817779,2.3917527198791504,0.743062,0.17252027159994418,23.038583133427224,-0.11041724,-16.61478642349569,7477.622,30.969156766341584,0.47800329156133314,0.019915804,1.0859500827309039
86.20032541871511,-0.8973173381563531,2.25588321685791,23,8.923654,2.0909197330474854,0.3718503494650194,2.2925804,0.4429643,4.6494362354278564,0.74344885,0.09467712021187821,23.264897653900658,-0.071525134,-23.26056809602527,7507.4683,26.84560602513657,0.47655494072081694,0.019746466,1.3283140968936684
89.40241204508327,-0.10307137887086282,2.0520670413970947,24,8.92563,1.9747743606567383,0.593886951530155,0.87935233,0.10395934,6.703601598739624,0.7436637,0.75038263190822,20.454160410455604,-0.07755555,18.45061136577559,7522.318,56.326476003644835,0.46351916447967395,-0.030958347,1.46249501397718
115.53017228067914,-0.22440546199162315,1.9503459930419922,23,8.922532,1.879784345626831,0.5555456467994007,2.9388776,0.3627771,8.656956195831299,0.743366,0.984515828612459,26.287219437183094,-0.03249294,11.385014491302263,7499.053,63.11955451946834,0.6494177085334529,0.040837057,2.044300815025793
