Entropy,StdForwardProgress,ItrTime,MeanKL,AverageForwardProgress,LossAfter,AverageReturn,MinReturn,Perplexity,LossBefore,MinForwardProgress,MaxKL,StdReturn,ExplainedVariance,NumTrajs,Time,MaxReturn,AveragePolicyStd,MaxForwardProgress,TotalExecTime
9.477426,0.6933164545967208,2.3110296726226807,0.8948642,0.29646052157717184,-0.11967006,93.11283942753573,58.044634201580294,13061.518,0.0028294292,-0.6727553816701273,10.844427,18.928237294837054,0.7692372374882626,24,2.311028480529785,123.36819989228431,0.79670346,2.7550993302484854,1.9879114627838135
9.477992,0.4362077774821329,2.1842496395111084,0.17897086,0.032441673145967735,-0.10198881,91.44245224511052,56.50909468034268,13068.919,-0.04557243,-0.7191295560266555,0.8777317,18.913410536944575,0.8514752775799502,23,4.497036457061768,125.48740930571562,0.796764,0.8162802195661226,1.95412278175354
9.473434,0.2340387953364333,1.9409394264221191,0.08331553,0.22360683102422918,-0.06855655,102.8448977246271,81.88992464791338,13009.491,-0.030367645,-0.22299337821915471,0.38646722,11.017696925419491,0.8909414581273605,23,6.440673112869263,117.7236572277637,0.79626954,0.5007122723677806,1.857140302658081
9.470397,0.25650880031132617,2.2296249866485596,0.03392895,0.35999759820878113,-0.08542868,106.88096482178605,81.36799279548981,12970.035,-0.057676658,-0.11902909500057882,0.33636534,11.832644413747571,0.8913146452315043,23,8.673408269882202,131.82637560979748,0.79596925,0.9515308575932149,2.1559927463531494
