MaxKL,NumTrajs,Perplexity,TotalExecTime,MaxReturn,StdReturn,AverageReturn,MaxForwardProgress,StdForwardProgress,MinReturn,Entropy,LossBefore,LossAfter,ItrTime,MinForwardProgress,Time,MeanKL,AverageForwardProgress,ExplainedVariance,AveragePolicyStd
0.24897647,23,47315.227,2.7751545906066895,48.59890174597446,24.482608113875926,4.210949758079311,1.073271210406152,0.50050572881335,-38.74871588659356,10.764587,-0.012226457,-0.05497994,3.4855058193206787,-0.7473400635947757,3.4855024814605713,0.0355428,0.14595430981000482,0.37647617285657997,0.9299692
0.28860006,23,47199.535,2.644228219985962,72.84996236325925,34.30487152838034,13.633112758462152,1.599026581589827,0.7225588784886101,-56.512072715545834,10.762139,-0.030863302,-0.057708688,2.82123064994812,-1.082179393278113,6.308751344680786,0.01959927,0.3780940673298147,0.320961480243371,0.9296842
0.2221981,24,47054.14,2.2402377128601074,74.87241886066829,26.129038607079085,18.857789303871687,1.979941849307028,0.6236818140941895,-27.07275868937388,10.759054,0.034978345,0.015540135,2.3088505268096924,-0.47766905816929356,8.619336366653442,0.013550421,0.520003098796311,0.3813923379842328,0.92932445
0.18216914,23,47218.984,1.8745534420013428,86.37645200189209,32.99034726324299,19.881972372708162,2.66917882243683,0.7963042658990519,-51.571124211768904,10.762551,-0.077050015,-0.10041199,1.9564769268035889,-0.9696202436214602,10.578867673873901,0.014189718,0.5623140035370114,0.3885790900219457,0.9297216
