LossAfter,TotalExecTime,Entropy,AverageReturn,AveragePolicyStd,LossBefore,ItrTime,Time,Perplexity,NumTrajs,MaxReturn,ExplainedVariance,MaxKL,MeanKL,MinReturn,StdReturn
-3.509703,0.744373083114624,0.65543664,-47.20104457491961,0.3358152,-0.011176371,1.064997911453247,1.064995288848877,1.9259833,43,-46.58813324788074,0.9996011942278605,204.3445,202.00772,-47.7967104947905,0.2892645295897738
-2.0781927,0.5569906234741211,0.6532013,-23.247743795547752,0.3354389,-0.017983004,0.738767147064209,1.8053507804870605,1.9216828,43,-22.323704023724037,0.9967885515112991,72.23149,70.7479,-24.035167468548202,0.4236262517999333
-1.6664258,0.7481691837310791,0.65140295,-15.407059014476404,0.33513823,-0.014822035,0.7851507663726807,2.5919408798217773,1.9182302,43,-14.89809544119845,0.9966809213809092,51.242645,49.094402,-15.829577050992446,0.25236756638902214
-1.9470315,0.6698637008666992,0.6499207,-18.460701737737153,0.33489144,-0.002674758,0.7167975902557373,3.311500072479248,1.915389,43,-17.59993818790165,0.9964047833980346,64.38295,62.452892,-19.174435141449102,0.3489576484702589
-1.7307167,0.6801626682281494,0.6496533,-17.39061345181147,0.33484814,0.014794346,0.7186214923858643,4.033285856246948,1.9148768,43,-16.620305561047537,0.9975846909267085,52.555653,50.211193,-17.861074505535463,0.2724683084118157
