AveragePolicyStd,MeanKL,LossBefore,AverageReturn,ItrTime,Time,MaxKL,StdReturn,ExplainedVariance,NumTrajs,Perplexity,MaxReturn,LossAfter,MinReturn,Entropy,TotalExecTime
0.3504143,45.16795,-0.013857046,-53.763015417189266,1.808265209197998,1.8082613945007324,45.91778,0.3015634625299056,0.9996539661927294,43,2.096413,-53.11784141150448,-1.6530085,-54.2832976690564,0.7402277,1.3395509719848633
0.34993258,13.749103,0.010547693,-20.3343037717722,1.5263140201568604,3.3371071815490723,14.708508,0.3804158784985018,0.9962928478552204,43,2.090611,-19.54991652460274,-0.9013983,-21.268954847175383,0.7374564,1.3080880641937256
0.3501122,0.6120796,-0.06826497,-2.0113243780057366,1.6663448810577393,5.010504961013794,0.67715144,1.1702026987562757,0.06990364729420384,164,2.092817,-1.0148297819507581,-0.110423215,-6.096413496398178,0.7385111,1.5376439094543457
0.3489175,0.8532122,-0.043594405,-2.064983046822997,1.789217233657837,6.802368640899658,0.9107077,1.0767698315703422,0.08768389881162475,166,2.0785792,-1.0170004843348803,-0.09921043,-6.008505726396782,0.7316846,1.5506985187530518
0.3481686,0.39162672,-0.06351478,-2.169917086818183,1.5113894939422607,8.31692099571228,0.4155301,1.0816175582395942,0.10941870342597326,147,2.0695379,-1.0182902371334592,-0.08961143,-5.666688451019222,0.7273253,1.4461119174957275
