MaxKL,NumTrajs,Time,MaxForwardProgress,Entropy,MeanKL,LossAfter,Perplexity,StdReturn,TotalExecTime,MaxReturn,ItrTime,AveragePolicyStd,MinReturn,AverageReturn,AverageForwardProgress,LossBefore,MinForwardProgress,ExplainedVariance,StdForwardProgress
19.58572,23,2.4335579872131348,0.6366946674858941,9.522982,1.6036661,-0.17224838,13670.311,25.262013066541297,2.1006906032562256,126.18627742416605,2.4335598945617676,0.7996021,24.528532299606354,86.87197709363852,-0.4492047107759397,-0.017850067,-1.4169466477744077,0.6430946513538901,0.5292972281851934
4.2297993,24,4.769580841064453,1.4476467175825836,9.519412,0.34749737,-0.09408547,13621.6,25.67896594737034,2.1240813732147217,137.9225876584529,2.3342244625091553,0.7991813,37.06112477361413,105.95635739425462,0.29468293001911716,-0.019520646,-1.5360641478358457,0.7547209479800698,0.7024430592806524
2.0571337,24,6.815694570541382,1.860333329846581,9.517459,0.151806,-0.04716862,13595.021,25.912734365769687,1.9473304748535156,149.51725279256755,2.04408597946167,0.798992,23.723445430301375,123.88110977763051,0.8410632787475318,0.011505035,0.0255292634393035,0.8672261960693052,0.511204479676646
1.124336,23,8.877353191375732,1.018029106305746,9.518609,0.092611074,-0.034947086,13610.666,18.65120459323813,1.9886479377746582,149.88014247894378,2.0570027828216553,0.7990918,72.92612837141063,117.19109641634638,0.43571525767217817,0.007567245,-0.15832939348622943,0.8559865972005621,0.3655007487640986
