AverageReturn,NumTrajs,MaxKL,AveragePolicyStd,Time,Perplexity,MaxReturn,LossBefore,LossAfter,ItrTime,MeanKL,StdReturn,MinReturn,TotalExecTime,ExplainedVariance,Entropy
-49.06960842182702,43,42.58187,0.32229263,1.636946439743042,1.772403,-48.47637278579791,0.0049168365,-1.6356863,1.6369552612304688,41.969017,0.3529561095231072,-50.05813518282867,1.0769236087799072,0.9995106260290398,0.57233626
-17.897830113269634,43,12.000589,0.32244945,3.178027391433716,1.7741468,-17.242297735586423,0.008014354,-0.7943109,1.5356659889221191,11.028321,0.33809632983934224,-18.686301245356667,1.3259170055389404,0.9963138957849818,0.5733196
-1.8071640901041868,174,3.1993349,0.32258388,4.386314630508423,1.7755693,-0.9017136291455462,-0.03681658,-0.23491615,1.2050297260284424,3.0114284,0.870892184391682,-5.24717176184866,1.145674467086792,0.11057231273219603,0.5741211
-6.399424028179452,58,3.72036,0.32198185,5.924048185348511,1.7690442,-1.0674227943968018,0.00945785,-0.22078818,1.532613754272461,3.579511,2.533858469358967,-9.063307731180114,1.4738810062408447,0.5178187817545064,0.5704394
-2.2514182152376727,137,1.9709198,0.32211727,7.32669997215271,1.7707185,-0.9077069804374411,-0.020534093,-0.14279392,1.3991281986236572,1.8449185,1.2388201928416447,-6.169250829739199,1.32096529006958,0.0765464397680009,0.5713854
