Time,MaxReturn,NumTrajs,Entropy,MinReturn,ExplainedVariance,ItrTime,LossBefore,MaxKL,AverageReturn,Perplexity,LossAfter,AveragePolicyStd,TotalExecTime,MeanKL,StdReturn
0.9208557605743408,-48.01669738241397,43,0.65543664,-49.85803106325133,0.9994891509599978,0.9208545684814453,0.023024576,205.91339,-48.65346428431488,1.9259833,-3.7074642,0.3358152,0.6481208801269531,205.10953,0.3805981393283527
1.6190683841705322,-29.740591444374566,42,0.66004163,-31.401955696486922,0.9983306960286447,0.6966989040374756,-0.01396894,55.84603,-30.590936074147706,1.9348729,-1.797686,0.33659092,0.54512619972229,54.496887,0.3864477229359492
2.409912586212158,-2.098507947059635,44,0.6586447,-12.685989196524138,0.9629758665536732,0.7893233299255371,0.017422495,11.252266,-11.668590502392538,1.9321718,-0.3760242,0.33635616,0.7508277893066406,10.9521,1.5053930235758903
3.016580820083618,-0.7064026736735853,73,0.6603869,-8.149408404112412,0.2473940578592413,0.604102611541748,0.009162044,13.318743,-4.530952054537075,1.935541,-0.44826993,0.33665392,0.5725533962249756,13.086223,2.510518691713773
3.6094861030578613,-12.518705385951979,43,0.66130316,-13.8056698626974,0.9940557312991682,0.5906376838684082,-0.04213304,45.06874,-13.08554704297331,1.9373153,-1.5931385,0.33681154,0.5565733909606934,43.512505,0.29728150206086457
