ItrTime,ExplainedVariance,AverageReturn,NumTrajs,Perplexity,MeanKL,Time,MaxReturn,LossAfter,Entropy,TotalExecTime,AveragePolicyStd,MaxKL,MinReturn,LossBefore,StdReturn
0.926506519317627,0.9992518653720581,-46.56745423141939,43,4.2713866,1.8284501,0.9265046119689941,-45.714430016832054,-0.33927274,1.4519385,0.6447544097900391,0.50105613,1.9585927,-47.84836926474988,0.004554383,0.44102517485948534
0.703244686126709,0.9992742186471502,-38.705202507295546,43,4.275278,0.41902864,1.6312294006347656,-37.89840135355638,-0.15312552,1.4528491,0.5679633617401123,0.5012717,0.45789304,-39.59764763514859,0.006595943,0.3467491475150532
0.6831092834472656,0.9983872222532333,-35.08134158572094,43,4.2780995,0.38906223,2.3159518241882324,-33.8957370955526,-0.15545087,1.4535089,0.6442294120788574,0.50143254,0.4258971,-35.92368650596986,-0.0058273813,0.4800702952702449
0.7608115673065186,0.998192746051085,-31.533077100408956,43,4.275607,0.41283372,3.0789620876312256,-30.318987685086082,-0.18212335,1.4529262,0.676027774810791,0.50128335,0.4550635,-32.60173033935455,-0.020350296,0.4604445888660361
0.7306029796600342,0.9981341160587428,-27.750655359545586,43,4.266915,0.41659588,3.8121328353881836,-26.77298142687714,-0.14489438,1.450891,0.6870419979095459,0.5007726,0.45281807,-28.739977598168867,0.019959865,0.42983112604479623
