ItrTime,TotalExecTime,AverageReturn,Entropy,MaxKL,Time,LossBefore,StdReturn,Perplexity,MaxReturn,LossAfter,MeanKL,NumTrajs,MinReturn,ExplainedVariance,AveragePolicyStd
0.992185115814209,0.6403155326843262,-49.13016749643497,1.354061,23.826511,0.9921834468841553,0.01923506,0.48064207908390894,3.8731225,-48.142563326713294,-1.0689257,18.603645,43,-50.57073174362974,0.999216597596682,0.47636598
0.7201850414276123,0.5633766651153564,-12.606603689818241,1.373296,0.7172648,1.7139253616333008,0.016095763,1.9930790848957514,3.948343,-3.3787493792884016,-0.05346779,0.6425531,45,-14.291487252942431,0.88228528041858,0.4809228
0.6914443969726562,0.64064621925354,-3.8359670601927336,1.3813441,1.6493807,2.4070351123809814,-0.033899367,2.5641667416255105,3.9802477,-0.6648491954857846,-0.18408494,1.3990617,93,-8.912134723221834,0.14229526697178263,0.48285118
0.6049306392669678,0.5652589797973633,-6.706942283012187,1.3643944,2.195005,3.016897678375244,-0.034468748,3.6359206358831297,3.9133525,-0.628705190987941,-0.23290046,1.5274268,64,-11.399847261140376,0.4063179882366216,0.4787649
0.645892858505249,0.6128139495849609,-5.679105029964044,1.3471602,1.6099844,3.6828322410583496,0.004077053,3.1253233224319055,3.8464868,-0.6713458298755262,-0.14147545,1.3855021,67,-9.66635651551532,0.38441334468057753,0.47465944
