MinReturn,MaxReturn,Time,LossBefore,TotalExecTime,Perplexity,AveragePolicyStd,Entropy,MaxKL,AverageReturn,StdReturn,MeanKL,ExplainedVariance,ItrTime,NumTrajs,LossAfter
-48.83898456028417,-47.34059280864749,1.8007311820983887,-0.012883003,1.3185479640960693,3.2280946,0.4348612,1.171892,33.16845,-48.10699643149127,0.34735441272040957,32.410046,0.9994380307608381,1.800736904144287,43,-1.4167154
-15.83082156591196,-13.551230892091812,3.3490822315216064,-0.0017073309,1.2551302909851074,3.2197878,0.4342935,1.1693155,8.912245,-14.821233725606593,0.47478675352591676,8.281588,0.9887406090021715,1.5449965000152588,42,-0.6560095
-7.868749967478944,-0.5866249289306246,4.859283447265625,-0.02206675,1.4314775466918945,3.2192385,0.43425572,1.1691449,1.7401295,-3.7773806121492055,2.4272204073857315,1.6176392,0.18167341475253174,1.5077872276306152,82,-0.14158009
-7.269047380074916,-0.5987731371687556,6.305160284042358,-0.024729202,1.3793063163757324,3.2121418,0.4337827,1.166938,0.81197304,-2.8702851290866773,1.8731049748560786,0.7621587,0.09009772761442625,1.443206787109375,104,-0.08184495
-6.065358327740069,-0.5794229727271575,7.647641897201538,-0.03482993,1.2955799102783203,3.2042084,0.43324637,1.1644651,0.11311877,-2.0463970876563935,1.314638117252801,0.09934696,0.04910066072436947,1.3374099731445312,136,-0.04325026
